"","job","pp","wage"
"1",8,1,12.0437299870186
"2",8,1,9.35485091743119
"3",5,1,21.99375625
"4",8,1,18.4380475
"5",8,1,13.2094632132132
"6",8,0,12.1272615384615
"7",8,0,4.43222259615385
"8",8,0,8.9552972972973
"9",8,0,13.5631931166348
"10",5,0,17.0313319327731
"11",8,0,9.89682595047088
"12",8,0,12.5678607142857
"13",8,0,22.2801551724138
"14",8,0,62.127375
"15",8,1,15.8704179194227
"16",8,0,13.8417980769231
"17",8,1,15.8821314102564
"18",8,0,6.69063942307692
"19",2,1,15.6771832229581
"20",8,1,13.5638674463938
"21",8,0,13.0700472914875
"22",8,1,12.7648
"23",8,0,7.38024369747899
"24",8,1,31.8875163398693
"25",8,0,15.7722062256809
"26",5,1,29.4477071129707
"27",2,0,18.0995657894737
"28",8,0,6.68158526821457
"29",8,0,10.996875
"30",8,0,14.3057346153846
"31",8,0,7.131255
"32",8,1,19.0497096456693
"33",5,1,15.9949666666667
"34",8,1,12.5449489182692
"35",8,1,10.1509615384615
"36",8,1,13.8916780821918
"37",8,1,15.2928923076923
"38",8,1,9.40981203007519
"39",8,0,15.8390659340659
"40",8,1,15.8688114754098
"41",8,0,10.2302358490566
"42",8,0,11.6926634615385
"43",8,0,15.783073286052
"44",8,0,23.5505054945055
"45",8,0,12.5918463740458
"46",8,0,10.1377307692308
"47",8,0,12.8908551236749
"48",8,0,12.9989576923077
"49",8,1,18.7413942307692
"50",8,1,11.1989206036745
"51",8,1,7.978
"52",8,1,7.37904876977153
"53",8,0,5.21009961439589
"54",8,1,12.0122146859334
"55",8,1,31.400673992674
"56",8,0,9.996853125
"57",8,0,12.0965673076923
"58",8,1,11.1660576923077
"59",8,0,9.71354251012146
"60",8,1,9.44494757281553
"61",8,0,12.5195240384615
"62",5,0,12.9616395348837
"63",8,1,19.2169113149847
"64",5,1,14.8318696711328
"65",5,1,22.2569264957265
"66",8,1,23.2927644230769
"67",8,0,13.1951935840708
"68",8,0,8.21132085561497
"69",8,0,7.79510989010989
"70",8,0,8.31791729323308
"71",8,0,18.4557259615385
"72",8,1,11.1745739750446
"73",8,1,13.7148687818253
"74",8,1,13.7636
"75",8,0,10.5748723404255
"76",8,0,22.8396682692308
"77",8,1,20.6837051282051
"78",8,0,12.438835978836
"79",5,1,20.7488254716981
"80",8,0,5.38337226277372
"81",5,1,42.3386481481481
"82",2,1,26.5933365384615
"83",2,0,12.6840524781341
"84",5,0,11.420385114669
"85",5,0,12.666200312989
"86",2,0,25.4818269720102
"87",2,0,11.1274365770541
"88",2,0,12.3892015810277
"89",8,0,14.2102631578947
"90",2,0,12.4102259615385
"91",5,0,11.8969786476868
"92",5,0,33.5564564943253
"93",2,1,9.91292766373411
"94",5,0,16.2336839666358
"95",5,0,37.7035773809524
"96",5,1,16.9182740384615
"97",5,0,14.5307873754153
"98",2,1,13.3812788461538
"99",5,0,11.9932415169661
"100",5,0,11.5237786458333
"101",5,0,54.8015384615385
"102",5,0,15.1732692307692
"103",5,1,21.9835288461538
"104",5,0,74.3469677419355
"105",5,0,5.70500755667506
"106",5,0,14.7645824175824
"107",5,1,12.5148651079137
"108",2,0,24.4820539419087
"109",2,0,23.5228458681523
"110",8,1,12.1855715599142
"111",5,1,17.4392631578947
"112",5,0,17.2045
"113",2,0,15.8940496845426
"114",5,0,21.4024471153846
"115",2,0,21.8113125
"116",5,1,14.8107076923077
"117",5,0,21.7871324200913
"118",5,0,25.80675
"119",2,1,18.0660258964143
"120",2,1,11.4249761904762
"121",5,1,21.8463307155323
"122",8,0,38.3801971153846
"123",5,0,34.1127653061224
"124",2,0,18.5222374429224
"125",2,1,19.5060528455285
"126",8,0,12.707503968254
"127",2,1,10.8328413461538
"128",5,0,22.1611153846154
"129",2,0,12.8534471153846
"130",2,0,24.1432998324958
"131",2,0,15.6873701923077
"132",5,0,25.884014974263
"133",5,0,20.8629945652174
"135",2,0,20.3882259615385
"136",5,1,21.5110541666667
"137",5,0,15.7567213930348
"138",2,1,44.700862745098
"139",5,0,9.22786538461538
"140",2,0,10.0206793478261
"141",2,0,11.7036356707317
"142",5,1,12.9516327361564
"143",2,1,22.1611153846154
"144",5,0,6.6186091954023
"145",5,0,12.3653572593801
"146",2,1,22.9348964418481
"147",8,0,11.5890144230769
"148",2,0,13.0647540983607
"149",2,1,16.2148014184397
"150",5,1,19.3785144230769
"151",2,0,15.199838150289
"152",2,0,16.8719178082192
"153",5,0,3.76167711905928
"154",5,0,9.99685416666667
"155",5,0,20.650612
"156",5,0,8.42122115384615
"157",2,1,15.8633552631579
"158",5,0,32.9707076923077
"159",2,1,26.7550414593698
"160",5,0,31.7899951923077
"161",5,1,12.4721769230769
"162",5,0,13.3812788461538
"163",5,0,28.4945065789474
"164",2,0,10.9272524752475
"165",5,0,26.097048245614
"166",5,1,21.9937548076923
"167",2,0,15.6705824742268
"168",8,0,12.8697394136808
"170",2,0,18.5133846153846
"171",5,0,5.73622596153846
"173",8,0,18.8463827370812
"174",8,1,7.14276048714479
"175",8,0,8.82131220285262
"176",2,0,17.3719615384615
"177",8,1,18.6153365384615
"178",2,0,8.28364855072464
"179",8,0,16.9921025641026
"180",5,0,15.1681077586207
"181",5,0,5.63040133333333
"182",8,0,21.3339844054581
"183",5,0,32.9707076923077
"184",5,0,27.3143989218329
"185",8,0,9.21902403846154
"186",8,1,15.5848376068376
"187",5,1,12.5177989130435
"188",8,1,7.773555
"189",2,1,15.3650396825397
"190",8,0,11.9877209944751
"191",2,1,13.8075495678699
"192",8,0,20.9171134453782
"193",8,0,13.3026764112903
"194",8,1,7.42924908424908
"195",8,0,6.65912653061225
"196",8,0,15.8834565685571
"197",5,0,11.2632827062478
"198",8,0,9.85110250851657
"199",5,0,16.6343260869565
"200",8,1,12.3038173076923
"202",2,0,16.9713780487805
"203",8,1,16.0774134615385
"204",8,1,16.0723605769231
"205",2,0,16.2609317211949
"206",8,1,8.78002380952381
"207",5,1,22.5188976377953
"208",8,1,9.46536483931947
"209",8,1,16.1917239263804
"210",8,1,16.8172082835524
"211",2,0,20.7940954545455
"212",5,1,17.7288894230769
"213",8,0,10.3545625
"214",8,0,9.5061394891945
"215",5,1,9.09429487179487
"216",5,1,15.1961916208791
"217",5,0,4.62844411826379
"218",5,1,17.5329423076923
"219",8,0,12.0307735042735
"220",5,0,26.544835106383
"221",8,0,13.5973776403915
"222",8,0,37.2306730769231
"223",8,1,15.3191220657277
"224",8,0,15.5902192307692
"225",2,0,12.7238565022422
"226",5,1,16.0495703125
"227",8,1,16.8640650406504
"228",2,1,20.3019269230769
"229",2,0,16.738610619469
"230",8,0,16.2415423076923
"231",8,0,14.3031875
"232",5,0,18.3423076923077
"233",8,0,8.91472985781991
"234",2,0,11.3174731457801
"235",8,0,6.77752840909091
"236",8,1,12.4787273443656
"238",2,0,24.607641025641
"239",8,0,18.1125049019608
"240",8,0,11.3215404996215
"241",5,0,9.68925961538462
"242",8,1,41.5550230414747
"243",8,0,13.2692760942761
"244",2,1,19.4560144230769
"245",8,0,10.3227
"246",2,0,14.9105673076923
"247",5,0,14.99528125
"248",8,1,21.7607444394008
"249",8,1,20.2691499162479
"250",5,0,16.3697307692308
"251",8,1,6.27419815668203
"252",5,0,19.7729634146341
"253",8,1,17.0723801980198
"254",8,0,14.5467810650888
"255",8,1,23.4739117132867
"257",5,0,16.9182740384615
"258",8,0,22.7032322580645
"259",8,1,5.35500072463768
"260",5,0,15.7284606436603
"261",2,0,7.05106155218555
"263",8,1,29.5443197755961
"264",8,0,14.3680008806693
"266",2,0,4.97291753112033
"267",8,0,10.2998461538462
"268",2,0,10.0750758928571
"269",2,0,11.8272623239437
"270",8,0,13.8543350831146
"271",8,0,14.971288
"272",5,0,26.6788165680473
"273",5,1,25.8477289719626
"274",5,0,14.0372989130435
"275",8,0,6.8730484375
"277",5,0,10.5849044117647
"278",5,0,3.22975240384615
"279",5,0,14.8427906976744
"280",5,1,12.325645700395
"281",8,1,14.9105692307692
"282",2,0,21.2746682692308
"283",5,0,5.52243277777778
"284",2,1,15.9675427574171
"285",5,0,16.0404258241758
"286",8,0,9.78515359477124
"287",5,0,6.38339763779528
"288",5,0,14.7051901840491
"289",5,0,20.2241425287356
"290",8,1,14.7115426421405
"291",2,1,24.9152355769231
"292",8,0,14.4768987341772
"293",8,0,32.5840040816326
"294",5,0,9.0764502617801
"295",2,0,7.90908310991957
"296",2,0,32.5792417417417
"297",5,0,44.1810852713178
"298",8,0,7.54071703296703
"299",5,0,7.99549700598802
"300",8,0,6.9893310546875
"301",8,0,36.534358974359
"302",8,0,13.2966682692308
"303",2,0,11.7436740890688
"304",8,1,11.8981692056583
"305",8,0,11.1309687609688
"306",2,1,18.6101009615385
"307",8,0,12.6284301270417
"308",8,0,8.69719339622642
"309",8,1,10.755525
"310",8,1,15.054091503268
"311",2,0,12.9533783231084
"312",8,1,8.90248927038627
"313",5,1,9.8764245061935
"314",2,0,13.0744423076923
"315",8,0,14.1729265734266
"316",2,0,6.83734734239802
"317",5,0,19.4527945205479
"318",8,0,11.6926634615385
"319",2,0,8.86444711538462
"320",8,0,8.86966728280961
"321",8,0,5.07548076923077
"322",2,0,16.6101586538462
"323",8,1,29.5919259259259
"324",8,0,14.4420550161812
"325",5,0,34.8301963350785
"326",5,1,23.0696586538462
"327",5,1,15.6014230769231
"329",2,0,12.3461806167401
"330",2,0,18.6153365384615
"331",8,1,24.2043861003861
"332",5,0,8.8358954248366
"333",5,0,12.8273955696203
"334",5,0,11.3235148514851
"335",5,1,17.6006370656371
"337",8,0,9.02988522727273
"338",8,0,16.6216129032258
"339",5,0,6.47280465116279
"340",5,1,4.91924410540915
"341",8,0,9.61734265734266
"342",5,1,23.8907121807466
"343",2,1,29.500876
"344",8,0,9.59078981302386
"345",5,1,28.7089102564103
"346",8,0,3.81335679442509
"347",8,0,8.28033035367276
"348",5,1,27.8687970890411
"350",5,1,14.8034903846154
"351",5,1,20.0721132897603
"352",2,1,18.8645507117438
"353",2,0,16.8377106227106
"354",2,0,19.7785566546763
"355",8,1,8.38093181818182
"356",2,0,9.16874456521739
"357",5,0,22.0897296296296
"358",2,0,9.30504807692308
"359",5,1,6.74562682926829
"360",8,0,13.9294054982818
"361",5,0,25.1596806482364
"362",5,0,6.06286324786325
"363",8,1,11.2653101240496
"364",8,0,14.5628600823045
"365",2,1,21.6364779559118
"366",8,1,12.10816490332
"367",5,0,12.8389230769231
"368",5,0,4.36226363636364
"369",8,1,8.72444064484612
"370",8,0,17.6226322115385
"371",8,1,15.1030240384615
"372",5,0,11.424974702381
"373",5,1,12.2100844444444
"374",2,1,12.4492971698113
"375",5,1,25.2606312826699
"376",8,0,8.02876923076923
"377",5,0,11.3682265795207
"378",8,0,4.3455218579235
"379",2,0,19.1501929133858
"380",5,1,4.67706730769231
"381",2,0,8.08742788461538
"382",8,0,17.1537512846865
"383",8,1,14.0850854856311
"384",5,0,8.50986923076923
"385",5,0,7.89963841059603
"386",5,1,14.1501302325581
"387",5,0,20.0382768361582
"388",5,0,8.7879837398374
"389",8,1,19.7229722222222
"390",5,0,20.4593081395349
"391",8,0,8.86444711538462
"392",8,0,9.60209813874789
"393",5,0,3.94710576142819
"394",5,0,14.6489753401361
"395",8,0,12.7959725490196
"396",2,0,10.7392600536193
"397",8,1,35.9661678594665
"398",8,0,11.5780533751962
"399",8,0,7.35912547528517
"400",8,1,6.6778550247117
"401",8,0,11.974257258609
"402",5,0,11.804021978022
"403",2,0,17.1248812994586
"404",8,0,5.1704303599374
"405",8,1,11.8992380522994
"406",8,1,15.9949625
"407",8,1,8.86444711538462
"409",8,1,13.0381025338833
"410",8,1,19.1150367170626
"411",8,1,16.9182740384615
"412",8,1,12.4581396396396
"413",8,0,11.0734375
"414",2,0,16.9309041769042
"415",5,0,17.7506767857143
"416",8,0,17.9287538461538
"417",8,0,8.32710050614606
"418",8,1,26.2233221153846
"419",5,1,23.46
"420",8,1,10.7634681528662
"421",5,1,12.3367702196036
"422",2,0,10.7286585365854
"423",8,1,17.9831346801347
"424",5,0,36.4208333333333
"425",2,1,19.5111587301587
"426",8,0,15.9871647509579
"427",5,1,24.8423160762943
"428",2,0,15.9457538461538
"429",8,0,12.3908497652582
"430",2,0,25.8351423267327
"431",8,0,16.0342444620253
"432",8,0,9.10520987654321
"433",8,1,13.0413431613432
"434",5,1,13.1875779092702
"435",5,0,15.2928894230769
"436",8,0,31.4568955696203
"437",8,1,9.19030529595016
"438",8,0,17.7594429906542
"439",8,0,11.459078358209
"440",2,0,38.6604193548387
"441",5,1,24.257153024911
"442",5,0,36.9587083333333
"443",8,1,17.0976192579505
"444",8,0,10.5849044117647
"445",8,0,11.850799522673
"446",2,0,11.2222741935484
"447",2,1,17.3304759615385
"448",8,0,10.5485611510791
"449",5,0,7.20236171875
"450",8,0,12.0364855769231
"451",5,1,10.6830936920223
"452",8,0,12.8919112426036
"453",8,0,12.8637534883721
"454",8,0,14.7645817307692
"455",2,0,30.184764107308
"456",8,1,11.9684385142445
"457",8,1,7.84597635933806
"458",8,1,27.441719618745
"459",8,1,14.8359130434783
"460",5,0,9.940378125
"462",5,0,37.3524357298475
"463",2,0,26.5933365384615
"464",2,1,14.4860047169811
"465",2,1,16.8239083665339
"466",8,0,14.3818255319149
"467",8,0,8.14583333333333
"468",2,1,28.90384
"469",2,0,16.1886737523105
"470",8,0,6.09166935050993
"471",8,0,14.5172998595506
"472",8,0,9.55805555555555
"473",8,1,11.1929168900804
"474",2,1,32.2975240384615
"475",8,1,5.48751369047619
"476",2,0,14.7645817307692
"477",8,1,11.967
"478",8,0,22.5576965811966
"479",8,1,10.4168460710441
"480",5,0,15.5215215946844
"481",2,0,10.4553492063492
"482",5,0,6.64743440233236
"483",5,0,26.0105046728972
"484",5,0,5.9186524822695
"485",5,0,5.01665594059406
"486",5,0,6.95671850699844
"487",8,1,21.5775833820948
"488",2,0,11.2539222614841
"490",5,1,11.2532594339623
"491",8,0,15.9913660017346
"492",5,0,13.1962548076923
"493",5,0,18.0987695473251
"494",5,0,33.5237227272727
"495",8,0,15.0695576923077
"496",8,0,11.5348317307692
"497",8,0,19.856358974359
"498",2,1,17.0843238353686
"499",5,1,18.8485733634312
"500",5,1,15.2590712643678
"501",5,0,24.8064054927302
"502",8,1,15.3844694656489
"503",2,0,13.5550636363636
"504",8,0,6.37203766025641
"505",8,1,11.536976744186
"506",2,0,29.2316538461538
"508",8,1,8.50463560885609
"509",5,0,15.1030240384615
"510",5,0,17.5950038461538
"511",2,0,15.9302863340564
"512",2,1,21.0146233894945
"513",8,0,8.99416802168022
"514",5,1,19.1161153846154
"515",8,0,21.6292461538462
"516",2,0,15.6400044444444
"517",8,1,15.9949642857143
"518",8,0,20.6454
"519",8,1,8.07953777777778
"520",8,0,14.3453913043478
"521",8,0,17.2045
"522",8,0,21.7336563307494
"523",8,0,13.103849137931
"524",5,1,19.4877740384615
"525",2,0,8.94634
"526",2,1,19.9182594339623
"527",5,0,13.3203798076923
"528",2,0,14.6158317307692
"529",8,1,20.675988
"530",5,0,9.55778024691358
"531",2,0,20.3882259615385
"532",5,1,11.7631882640587
"533",2,0,11.4696682692308
"534",2,0,16.841343358396
"535",8,0,17.7721832358674
"536",2,1,22.2185868911606
"537",2,0,15.2615110441767
"538",8,0,8.91069721115538
"539",2,0,23.7889401709402
"540",5,1,16.1229123505976
"542",2,1,25.9513316477033
"543",2,0,27.9749655172414
"544",2,0,10.3751148648649
"545",2,0,23.382139582272
"546",5,0,17.5950055555556
"547",2,0,15.5588586956522
"548",8,0,13.5040677200903
"549",8,1,13.6107627952756
"550",2,0,18.4633677298311
"551",5,0,18.2335467128028
"552",8,0,16.9182740384615
"553",8,0,10.2637541666667
"554",2,1,18.2288994413408
"555",5,0,15.5902211538462
"556",2,0,47.3939528619529
"557",2,1,18.9357443946188
"558",5,0,14.3370865384615
"559",2,0,19.5235321100917
"560",5,0,22.315137755102
"561",2,1,13.2966682692308
"562",2,0,43.2753227031131
"564",2,0,23.2143344231667
"565",2,0,15.2151843043995
"566",2,0,20.4621634615385
"568",2,0,18.0139333333333
"569",2,0,24.3820613207547
"570",2,1,28.5765707656613
"571",5,0,9.56691037735849
"572",2,0,13.3812788461538
"573",2,0,24.9199613733906
"574",2,1,13.8726766985864
"575",2,0,13.4726826923077
"576",5,0,24.3597163461538
"577",2,0,22.4109423076923
"578",2,0,27.0337464788732
"579",8,0,14.6158317307692
"580",2,1,19.2345450367647
"581",2,0,17.8173956043956
"582",8,0,10.8459117647059
"583",2,1,19.7629373723622
"584",2,0,17.294235042735
"585",8,0,19.9321884615385
"586",5,0,16.373135371179
"587",8,0,18.1603076923077
"588",2,1,11.3791184210526
"589",2,0,15.8627737603306
"590",2,1,20.3586586538462
"591",2,0,23.9340048076923
"593",8,1,23.3274898785425
"595",5,0,20.4621634615385
"596",5,0,15.5723968668407
"597",2,0,31.8081676136364
"598",2,1,15.7879327217125
"599",2,0,22.3207973568282
"600",5,0,22.1474253144654
"601",2,1,15.2204901185771
"604",2,0,31.405467032967
"605",2,0,14.7182547528517
"606",5,0,23.8951394230769
"607",5,0,27.3144769230769
"608",5,0,20.0633710801394
"609",2,0,25.3774086538462
"610",5,0,6.52578410539737
"611",2,0,22.9393365384615
"612",2,0,24.8204471153846
"613",2,1,15.1398466257669
"614",5,0,7.06139972144847
"615",2,0,22.3021314102564
"616",2,0,13.5346192307692
"617",2,0,22.1611153846154
"618",5,0,27.7580063868613
"619",5,0,54.8015384615385
"621",5,0,14.0081434977578
"622",5,0,28.3662259615385
"623",5,1,21.9500595238095
"624",5,0,27.7773177570093
"626",5,0,31.9120064102564
"627",2,0,20.1040900562852
"628",5,1,30.6279867109635
"629",5,0,27.460920212766
"630",5,0,16.9182740384615
"631",5,0,29.3250069444444
"632",2,1,14.75044
"633",2,0,4.18953141361257
"634",5,1,19.6540768037238
"635",5,1,21.6274821570182
"636",5,0,21.2001182654402
"637",5,0,3.73258602584814
"638",5,0,20.3062202643172
"639",5,1,20.0413557312253
"640",5,0,36.6341196581197
"641",5,1,27.6835961538462
"642",5,0,27.9636037735849
"643",5,0,21.9315412087912
"644",5,1,33.43051
"645",5,0,22.8942483370288
"646",2,1,39.7395178571429
"647",5,0,20.0501209302326
"648",5,1,20.8267387755102
"649",2,0,15.2335816993464
"650",5,1,19.6339055793991
"651",5,0,34.4272449799197
"652",2,0,22.6949850107066
"653",5,0,16.5074873646209
"654",5,1,11.2526162790698
"655",5,0,22.3035258215962
"656",8,1,28.3662264957265
"657",2,0,20.0348720930233
"658",2,1,26.8957149901381
"659",5,0,29.0677740384615
"660",5,1,32.3312424849699
"661",5,0,39.915405
"662",5,0,15.9949642857143
"663",2,0,23.6855833333333
"664",5,0,15.0174117647059
"665",5,0,25.8308578431373
"667",5,0,15.1266608695652
"668",5,0,29.6069759615385
"669",5,0,29.6069759615385
"670",5,0,19.1472038461538
"671",5,1,4.29522530864198
"672",5,0,28.6741682692308
"674",2,1,23.00885
"675",5,1,16.4303785123967
"676",5,0,9.51027724049001
"677",2,0,10.9870695807315
"678",2,1,14.0985608974359
"679",2,0,21.1708285714286
"681",5,0,23.6637853881279
"682",5,0,18.4248045454545
"683",2,0,45.7926495726496
"685",2,0,18.6153365384615
"686",5,0,22.5858942307692
"687",2,0,4.88893479368314
"688",2,1,11.64375
"689",2,0,21.314649122807
"690",8,0,14.5266492693111
"691",2,0,10.0151206140351
"693",5,0,15.6873701923077
"694",5,0,7.892375
"695",5,1,12.6261707492795
"696",2,1,25.9006804214223
"697",2,0,2.90085037783375
"698",2,0,18.7762722222222
"699",2,0,5.89933432245302
"700",5,0,16.0943105590062
"701",5,0,15.2939589095219
"702",2,0,14.9952803308824
"703",5,0,11.461340974212
"704",5,0,5.38777754385965
"705",5,0,32.2665833333333
"706",5,1,8.17651884700665
"707",2,0,9.75088942307692
"708",5,0,10.7286585365854
"709",5,0,23.4954409090909
"710",2,0,16.2410423076923
"712",8,1,8.08758629191322
"713",5,0,23.2163298379409
"714",8,1,11.6223889908257
"715",2,0,5.85053461538461
"716",2,1,16.9182740384615
"717",5,0,19.0210405405405
"718",2,0,21.9937548076923
"719",5,0,24.0323557312253
"720",2,0,3.60881424501425
"721",5,0,11.1689644700881
"722",2,1,20.8175929978118
"723",5,0,18.3111005110733
"725",8,0,13.8387640449438
"727",5,1,22.5192055555556
"728",8,0,2.68055146067416
"729",5,0,14.422131147541
"730",8,1,10.0557323377369
"731",8,0,9.42854545454546
"732",5,0,14.9666875784191
"733",5,0,9.75693160813309
"734",2,1,18.4380461538462
"735",2,1,23.0993653846154
"736",5,1,18.1575384615385
"737",8,0,8.53559195133365
"738",8,1,13.7341760624458
"739",2,1,14.1569011494253
"740",2,1,57.8711538461538
"741",5,1,14.4223527101335
"743",5,0,8.26952277657267
"744",5,0,11.928455
"745",5,0,14.1831153846154
"746",8,0,13.6973700787402
"747",8,0,10.2041228070175
"749",5,0,21.0019505233111
"750",5,0,8.57118766519824
"751",2,0,20.8842779426311
"752",5,0,12.7572084309133
"753",8,0,8.86444711538462
"754",5,0,10.1509615384615
"755",2,1,11.8790934192361
"756",8,1,10.1509615384615
"757",5,0,6.46875
"758",5,0,25.80675
"759",2,0,8.6291875
"760",5,0,4.19046590909091
"761",2,0,14.9401360946746
"762",5,0,11.6401818181818
"763",5,0,35.5829391891892
"764",8,1,15.2233652094718
"765",8,0,5.03310329113924
"766",5,1,15.3705355355355
"767",2,1,8.72479338842975
"768",2,0,15.5026368159204
"769",5,0,12.6887067307692
"770",8,1,11.4443034482759
"771",5,0,7.45528409090909
"772",2,0,19.3374634146341
"773",2,0,18.4557259615385
"774",5,0,8.03262626262626
"776",5,0,10.3936751054852
"778",5,0,6.02018932481752
"784",1,1,11.921931372549
"785",1,0,5.23808167613636
"786",1,0,22.1376497232008
"787",1,0,75.4071666666667
"788",1,1,20.4860281030445
"790",1,0,23.8576338983051
"791",1,1,22.2354450549451
"792",1,0,18.3833942307692
"793",7,0,10.803951754386
"794",4,1,20.4621634615385
"795",4,1,26.6992675585284
"796",4,0,27.2828846153846
"797",1,0,13.9774367816092
"798",1,1,24.4423688760807
"799",7,1,26.346801980198
"800",7,0,12.0364855769231
"801",7,1,15.0695576923077
"802",7,0,11.3060281124498
"803",1,0,18.6153365384615
"804",1,0,11.475
"805",4,0,11.9376351039261
"806",4,1,11.760875
"807",7,0,8.63306896551724
"808",4,0,9.29649299719888
"809",1,0,12.8430705596107
"810",4,0,11.5985393258427
"811",4,0,9.99809577464789
"812",1,0,4.73174850299401
"813",4,1,10.63665
"814",4,1,29.3332556818182
"815",7,0,7.71185714285714
"816",7,0,8.34520108695652
"817",4,0,10.8324647435897
"818",4,0,8.14837735849057
"819",1,0,13.2966682692308
"820",7,0,25.1069320066335
"821",1,1,11.6926634615385
"822",7,0,6.54339772727273
"823",7,0,72.7817631578947
"824",7,1,20.4956254295533
"825",7,1,14.0967849099099
"826",7,0,28.4354962962963
"827",4,0,9.77807894736842
"828",1,0,12.6372470588235
"829",4,0,5.44421152030217
"830",1,0,17.0518028846154
"831",4,1,10.0951169354839
"832",4,1,11.859375
"833",4,0,13.3812788461538
"834",4,0,10.6633111111111
"835",4,0,7.4340438034188
"836",4,0,4.61393221153846
"837",4,1,16.6818912175649
"838",1,0,19.4419889502762
"839",1,1,21.7670154639175
"841",7,0,15.2264471153846
"842",1,0,16.4466682738669
"843",4,0,13.828535
"844",1,0,12.27984375
"845",1,0,5.30093875
"846",4,0,12.26575
"847",1,0,10.1509615384615
"848",7,0,8.01032102728732
"849",1,0,7.61322115384615
"850",4,0,5.54338122743682
"851",4,0,11.1065698324022
"852",4,1,29.2817481203008
"853",1,0,71.9773333333333
"854",1,0,13.5393070539419
"855",4,0,8.33358192090395
"856",4,0,24.8439242219215
"857",4,1,10.4521534653465
"858",4,0,15.3688300711744
"859",4,1,12.4254711538462
"860",7,0,8.67899686192469
"861",1,0,8.97146209386282
"862",4,0,7.02913965822039
"863",4,0,14.6625
"865",1,0,6.07847802197802
"867",7,0,31.5567587301587
"868",4,0,11.5205357142857
"869",1,0,15.1766186046512
"870",7,0,7.57218309859155
"871",7,0,10.063947147651
"872",7,0,11.6926634615385
"874",4,0,16.623335837716
"875",4,0,8.42122115384615
"876",4,0,3.7014831871345
"877",7,0,40.5277787162162
"878",1,0,14.3872216216216
"879",1,0,10.2749086538462
"880",1,0,23.0696586538462
"882",1,0,16.6976555023923
"885",4,1,13.1327052631579
"886",7,1,18.0461602564103
"887",4,0,17.3863675889328
"888",7,0,21.2746682692308
"889",7,0,5.19026548672566
"890",4,0,9.45558011049724
"891",1,0,15.0981226415094
"892",1,0,17.047684854666
"894",1,0,9.96226211072664
"895",1,0,14.99528125
"896",7,1,12.8430656934307
"897",1,0,11.3335714285714
"898",7,1,8.61450322580645
"899",7,0,3.54577836538462
"900",1,0,5.43287526427061
"901",4,0,18.9135472972973
"903",7,0,11.6945637254902
"908",1,0,16.0723605769231
"910",4,0,5.38406451612903
"912",1,0,13.8417980769231
"913",1,0,17.1039378478664
"914",7,0,27.0599166666667
"915",1,1,11.0394708588957
"916",1,0,13.0171607142857
"917",7,0,12.1798605769231
"919",1,0,10.7695866666667
"921",7,0,9.55805769230769
"922",1,0,10.3103924418605
"927",1,1,9.87118
"928",1,0,6.27470072239422
"929",1,0,8.43431311018131
"931",4,0,10.3883768778576
"932",7,0,21.8345263157895
"933",1,0,14.39547
"936",1,0,8.89634831460674
"939",7,0,18.4621052631579
"941",1,1,23.0475576923077
"947",1,0,10.431625
"948",7,0,11.9436761133603
"949",1,0,11.2308510638298
"952",1,0,6.23334797891037
"955",4,0,10.3375091911765
"959",7,1,11.9935255854293
"960",1,0,9.18859574468085
"961",1,0,9.38300347222222
"964",1,0,7.84951338199513
"965",1,0,8.8062328358209
"966",1,0,28.1573960880196
"967",1,0,8.48003765690377
"970",1,0,22.305478515625
"971",1,1,13.27645256917
"972",7,0,31.912
"974",7,0,10.2296511627907
"976",1,0,12.2613240418118
"980",1,0,2.79089502762431
"981",1,0,10.1531101321586
"988",1,0,7.7444745892243
"989",1,1,9.75088942307692
"990",7,0,4.03092840778923
"991",7,1,5.16692922830868
"992",7,0,7.60645627062706
"993",7,1,10.8682976744186
"994",7,0,2.60424387947269
"995",7,1,24.0235138436482
"996",7,0,5.49895088676671
"997",7,0,18.0560087336245
"998",7,0,12.2920333333333
"999",7,0,9.92182062780269
"1000",7,1,7.72274345549738
"1001",7,0,8.58328205128205
"1002",7,0,9.55805769230769
"1003",7,0,14.9660526315789
"1004",7,0,5.76356132075472
"1005",7,0,9.05305073649754
"1006",7,0,8.53064814814815
"1007",7,0,8.45090860786397
"1008",7,0,10.5360285714286
"1009",7,0,11.648880859375
"1010",7,0,7.64644711538462
"1011",7,0,6.43694666666667
"1012",1,0,16.4684298584299
"1013",7,0,10.4865549450549
"1014",7,0,15.3797724358974
"1015",7,0,7.68251851851852
"1016",7,0,10.8852168199737
"1017",7,0,6.2546202247191
"1018",7,0,6.50192307692308
"1019",7,0,7.58767489711934
"1020",7,0,10.5489714285714
"1021",7,0,6.87122926267281
"1022",7,1,18.4010104126494
"1023",7,0,5.11524961597542
"1024",7,0,14.3370833333333
"1025",7,0,6.81253221288515
"1026",7,0,10.35
"1027",7,0,51.3818591549296
"1028",7,1,11.5990576923077
"1029",7,0,11.5783795820486
"1030",4,1,14.5536382978723
"1031",7,0,9.2375
"1032",7,1,54.1327034611787
"1033",7,0,8.86444711538462
"1034",7,0,6.01961021505376
"1035",7,1,7.22030094043887
"1036",7,0,7.95975625
"1037",4,0,5.97304093567251
"1038",4,1,12.11352
"1039",7,0,5.59859817813765
"1040",7,0,9.05268788682582
"1041",7,0,4.39875071428571
"1042",7,0,30.8228785529716
"1043",7,0,9.66425694444444
"1044",7,0,9.83114285714286
"1045",7,1,11.2475470763132
"1046",7,0,15.64743125
"1047",7,1,6.92089743589744
"1048",7,0,15.3508821070234
"1049",7,1,14.3805336538462
"1050",7,0,15.790391025641
"1051",7,0,6.82072115384615
"1052",7,0,10.3028395061728
"1053",7,0,12.0638630952381
"1054",7,0,3.0786612754159
"1055",7,1,14.2307080536913
"1056",7,0,7.79511057692308
"1057",7,0,12.6887067307692
"1058",7,0,5.19852386363636
"1059",7,0,8.16645669291339
"1060",7,0,5.85334920634921
"1061",7,0,7.35749038461538
"1062",7,0,5.28711921458626
"1063",7,0,11.5250782608696
"1064",7,0,15.434216374269
"1065",7,0,8.84170854271357
"1066",7,0,4.85218126888218
"1067",7,0,11.8279830405815
"1068",7,0,5.50196698113208
"1069",7,0,16.0939523809524
"1070",7,0,7.40842105263158
"1071",7,0,5.24425136612022
"1072",7,0,6.42739817351598
"1073",7,1,13.43577
"1074",7,0,8.47965696465696
"1075",7,0,4.58501693811075
"1076",7,1,11.2027003891051
"1077",7,0,10.4911609498681
"1078",7,0,8.40031690140845
"1079",7,1,16.415641025641
"1080",7,1,7.41957831325301
"1081",7,1,11.2537541713014
"1082",7,1,8.36329927884615
"1083",7,1,9.14225702811245
"1084",7,1,19.5110743801653
"1085",7,1,4.48510745891277
"1086",7,0,23.0400352802822
"1087",7,1,20.5839609375
"1088",7,0,7.07844827586207
"1089",7,1,18.4557259615385
"1090",7,0,5.18267935349322
"1091",7,1,25.9918125
"1092",7,0,2.65076755555556
"1093",7,1,22.1478018018018
"1094",7,1,8.13328197226502
"1095",7,1,12.6670528846154
"1096",7,1,16.9156371049949
"1097",7,1,32.4613521126761
"1098",7,1,11.976176971072
"1099",7,0,16.589863574352
"1100",7,0,27.4774715447154
"1101",7,0,6.72057422969188
"1102",7,0,9.69793031358885
"1103",7,1,9.84386893203883
"1104",7,1,28.2264097363083
"1105",7,0,8.56873125
"1106",7,1,6.50059294871795
"1107",7,1,36.8761
"1108",7,0,11.5548466257669
"1109",7,1,6.12354988399072
"1110",7,0,18.9582628062361
"1111",7,0,22.5192055555556
"1112",7,0,10.0084356894554
"1113",7,0,16.0484615384615
"1114",7,1,5.60488938053097
"1115",7,1,13.065809352518
"1116",7,1,9.33904541241891
"1117",7,1,9.66758241758242
"1118",7,1,19.449414556962
"1119",7,1,7.04158795749705
"1120",7,0,9.24040121580547
"1121",7,1,16.0486538461538
"1122",7,1,6.98322337662338
"1123",7,0,6.906
"1124",7,0,16.5673
"1125",7,0,6.47172413793103
"1126",7,0,12.6691078431373
"1127",7,0,25.059781512605
"1128",7,1,15.3638021638331
"1129",7,1,10.5507663438257
"1130",7,0,12.2963526052819
"1131",7,1,12.2044093686354
"1132",7,1,5.80259468723222
"1133",7,1,12.5101782905087
"1134",7,1,13.657812345679
"1135",7,1,25.849666993144
"1136",7,1,8.35370919881306
"1137",7,1,12.7101278636121
"1138",7,0,6.48034772182254
"1139",7,0,14.174
"1140",7,1,4.84896515679443
"1141",7,1,3.56492964169381
"1142",7,1,15.4199778393352
"1143",7,1,13.2293263157895
"1144",7,1,5.69878623481781
"1145",7,0,5.14583258862079
"1146",7,0,14.5646575091575
"1147",7,0,9.725185540627
"1148",7,1,11.85983440435
"1149",7,0,6.50106824925816
"1150",7,1,11.3167614213198
"1151",7,0,9.76736546184739
"1152",7,0,7.94795518207283
"1153",7,0,11.5687572254335
"1154",7,1,7.90202142857143
"1155",7,0,9.74546960784314
"1156",7,1,7.81421169504071
"1157",7,0,8.44470138888889
"1158",7,0,7.56241915422886
"1159",7,1,7.50531207598372
"1160",7,1,8.45913461538461
"1161",7,0,4.606552
"1162",7,1,24.4212516556291
"1163",7,0,19.1952137931034
"1164",7,0,7.5829980563654
"1165",7,1,3.82666298051606
"1166",7,1,10.5416730038023
"1167",7,0,6.60889673913044
"1168",7,0,5.19535714285714
"1169",7,1,5.21574945652174
"1170",7,0,21.9827636181909
"1171",7,0,7.76592057291667
"1172",7,0,8.12076923076923
"1173",7,0,3.71241152263374
"1174",7,0,9.58587837837838
"1175",7,1,6.41289860997547
"1176",7,0,5.84633173076923
"1177",7,0,3.31200047058824
"1178",7,0,5.38963878116343
"1180",7,1,13.4255988341282
"1181",7,0,10.8031283018868
"1182",7,0,7.61322115384615
"1183",7,0,6.14260410882843
"1184",7,0,8.34991875
"1185",4,0,20.5781785714286
"1186",7,0,9.30504807692308
"1187",7,1,7.90132692307692
"1188",7,0,2.59726014523708
"1189",7,0,4.64285460599334
"1190",7,0,16.9493165137615
"1191",4,0,10.4287594268477
"1192",7,0,13.8167413127413
"1193",7,0,6.50306490384615
"1194",7,0,6.82072115384615
"1195",7,0,7.74979334500876
"1196",7,1,6.40510567296997
"1197",7,0,5.0896777154513
"1198",7,0,27.7661833333333
"1199",7,0,20.9774191616766
"1200",7,0,6.54576041666667
"1201",7,0,6.82072115384615
"1202",7,0,5.8123052173913
"1203",7,0,9.29132591093117
"1204",7,0,12.0401082055906
"1205",7,1,7.38229326923077
"1206",7,0,11.3614700704225
"1207",4,0,22.9393365384615
"1208",1,0,8.99716666666667
"1209",7,0,6.69063942307692
"1210",4,0,23.3853317307692
"1211",1,0,16.8692131747484
"1212",7,0,12.742012934519
"1213",1,0,7.70139234449761
"1214",4,0,19.8433787593985
"1215",4,0,15.956
"1216",7,0,15.8142386363636
"1217",1,0,9.03304899135447
"1218",1,0,4.37109362348178
"1219",1,0,12.0905245901639
"1221",7,0,9.74921634615385
"1222",7,1,11.6615545851528
"1223",1,0,6.212736875
"1224",1,0,6.43719647696477
"1225",1,0,5.43614453125
"1226",7,0,9.55805769230769
"1227",1,0,10.5268494820232
"1228",7,1,40.9734444444444
"1229",7,0,7.37227109156337
"1231",4,0,14.0998271276596
"1232",1,0,8.86444711538462
"1233",1,0,13.0333333333333
"1234",7,1,4.54833127962085
"1235",7,0,7.01447282608696
"1236",4,0,20.1609375
"1237",7,0,5.70208333333333
"1238",1,0,8.64283333333333
"1239",1,0,15.2290678466077
"1240",4,0,39.5040737327189
"1241",4,0,17.9916339869281
"1242",7,0,9.13455211267606
"1243",1,0,20.2672888888889
"1244",7,0,11.8335403151066
"1245",1,0,7.30565
"1246",1,0,5.67324615384615
"1247",7,0,8.62210791366906
"1248",7,0,25.6432264529058
"1249",1,0,11.0388235294118
"1250",7,0,7.84151190476191
"1251",1,0,7.67223837209302
"1252",4,0,17.733875
"1253",1,0,8.68101656196459
"1254",7,0,11.4696682692308
"1255",7,0,12.5678589285714
"1256",7,0,14.3805336538462
"1257",4,0,4.22994840425532
"1258",1,0,7.32349472295514
"1259",1,0,8.51642032332563
"1260",1,0,11.6926634615385
"1261",7,0,8.91864122137405
"1262",7,0,9.68925961538462
"1263",4,0,5.45425582990398
"1264",1,0,8.106912
"1265",1,0,8.26066637931034
"1266",4,0,7.13829600778968
"1267",7,0,8.87142857142857
"1268",7,1,3.34076153846154
"1269",7,0,10.9717218543046
"1270",7,0,9.05625
"1271",7,1,6.76730769230769
"1272",1,0,8.04082608695652
"1274",1,0,5.0225052631579
"1275",7,0,10.6013139534884
"1276",1,0,9.62461538461538
"1277",1,0,10.9344182692308
"1278",7,0,4.38474951923077
"1279",1,0,16.5116865671642
"1280",1,0,12.1548985801217
"1281",1,0,6.56135391923991
"1282",1,0,14.8580044444444
"1283",7,0,3.76286647230321
"1284",7,0,12.6887067307692
"1285",7,1,10.1509615384615
"1286",1,0,4.40593043478261
"1287",1,1,19.6672506666667
"1288",1,0,14.7762432432432
"1289",4,0,13.4755895390071
"1290",1,1,6.29798657718121
"1291",1,0,13.7597404153355
"1292",7,0,12.5713977272727
"1293",4,1,13.5348531855956
"1294",7,0,5.68706769554542
"1295",1,0,6.75386446886447
"1296",7,0,6.62691666666667
"1297",1,0,10.3902920081967
"1298",1,0,17.539
"1300",7,0,16.7065210084034
"1301",1,0,5.96798586572438
"1302",4,0,10.3069813664596
"1303",7,0,4.60602181500873
"1304",7,0,9.50414948453608
"1306",7,1,10.0174752317034
"1307",7,1,22.9393365384615
"1308",7,1,20.8525535714286
"1309",7,0,9.55805769230769
"1310",7,0,10.3404540816327
"1311",7,1,9.24040273556231
"1312",7,1,13.8785739856802
"1313",7,1,14.2812202380952
"1314",7,0,15.5081068524971
"1315",7,1,46.4495517522412
"1316",7,1,4.01734
"1317",4,0,13.0444368932039
"1318",7,1,18.9792422434368
"1319",7,0,7.17107638888889
"1320",7,1,38.1778396226415
"1321",7,0,7.79637745098039
"1322",7,1,8.05155021834061
"1323",7,1,19.1161153846154
"1324",7,1,24.9443538461538
"1325",7,0,6.89363520408163
"1326",7,0,2.76835961538462
"1327",7,1,18.2554900990099
"1328",7,0,22.0187802469136
"1329",7,0,2.42238486055777
"1330",7,0,27.6880914826498
"1331",1,0,10.0169554455446
"1332",7,0,10.1509634615385
"1334",7,0,2.93889456521739
"1335",7,0,7.24300471698113
"1336",1,0,18.4557259615385
"1337",4,0,11.5587627737226
"1339",4,0,11.1403900573614
"1340",7,1,7.41760632183908
"1341",4,0,11.0734375
"1343",4,1,15.4173110624315
"1345",1,0,9.82053129161119
"1346",7,0,5.83231175059952
"1347",7,0,18.5706978417266
"1348",7,1,20.6611248654467
"1349",7,0,18.0461538461538
"1350",8,0,10.3201442307692
"1351",8,0,7.13114182194617
"1352",8,0,6.97480898876404
"1353",8,0,7.43938095238095
"1354",2,0,14.1831153846154
"1355",8,0,19.3345695970696
"1356",8,1,9.13997976190476
"1357",8,0,6.26494467787115
"1358",8,0,8.31905250205086
"1359",8,0,7.28227226720648
"1360",8,0,4.96408942307692
"1361",8,1,8.39261931818182
"1362",8,0,12.9420913461538
"1363",8,0,15.1221146245059
"1364",8,0,5.49970143266476
"1365",8,0,13.005743315508
"1366",8,1,11.2308510638298
"1367",8,0,22.1611153846154
"1368",8,0,10.5983427192277
"1369",8,1,2.71527829218107
"1370",8,0,21.9835288461538
"1371",8,0,13.1465525114155
"1372",8,0,3.77369722921914
"1373",8,0,8.64283333333333
"1374",8,0,8.27348076923077
"1375",8,0,24.4032941176471
"1376",8,1,11.5599059561129
"1377",8,0,7.25678260869565
"1378",8,0,10.464316057774
"1379",8,0,4.8005349940688
"1380",8,1,19.0738448275862
"1381",8,0,8.84743282149712
"1383",8,0,8.7695
"1384",8,0,11.0734423076923
"1385",8,0,5.68497576736672
"1386",5,1,14.6158317307692
"1387",8,0,9.74388942307692
"1388",8,1,6.42153284671533
"1389",8,0,8.80456880733945
"1390",8,0,6.82890740740741
"1391",8,0,2.65933365384615
"1392",8,0,8.37491219008264
"1393",8,0,6.49592414529915
"1394",8,0,12.0572592997812
"1395",8,0,18.7505536723164
"1396",8,1,5.93627835051546
"1397",8,1,4.91129725363489
"1398",8,1,16.9182740384615
"1399",8,0,7.64644711538462
"1400",8,0,13.3812788461538
"1401",8,0,7.301925
"1402",8,1,9.21902403846154
"1403",8,0,10.2565755467197
"1404",8,0,2.75782735042735
"1405",8,0,11.516376
"1406",8,1,8.7695
"1407",2,0,12.8052555555556
"1408",8,1,17.595005
"1409",8,0,7.46265863141524
"1410",8,0,10.1910969387755
"1411",8,0,26.4220782208589
"1412",8,1,7.40213503649635
"1413",8,0,10.6294722838137
"1414",8,0,6.60914106844741
"1415",8,0,6.76206642066421
"1416",8,0,6.73698076923077
"1417",8,0,10.66331
"1418",8,1,14.6133170731707
"1419",8,0,6.60437419354839
"1420",8,0,9.26052631578947
"1421",8,0,11.5971083333333
"1422",8,0,4.73351369047619
"1423",8,0,8.65743702081051
"1424",8,0,3.67029375
"1425",8,0,17.0197346153846
"1426",8,0,11.7689680851064
"1427",8,0,18.9894520547945
"1428",8,1,6.45950480769231
"1429",8,1,5.06539725274725
"1430",5,0,15.4199778393352
"1431",8,1,10.2095567375887
"1432",8,0,7.11606878306878
"1433",8,0,3.97116551724138
"1434",8,0,5.011276875
"1435",8,0,13.5168732394366
"1436",8,0,6.07432489451477
"1437",5,0,17.7565095890411
"1438",2,0,28.5677488372093
"1439",8,1,10.0229569190601
"1440",8,0,7.216928
"1441",8,1,11.9218571428571
"1442",8,0,11.8691094527363
"1443",8,0,6.46875147058824
"1444",8,0,3.03362112068966
"1445",8,0,18.2387256097561
"1446",8,0,9.21015355086372
"1447",8,1,3.48981090909091
"1448",8,0,5.92139423076923
"1449",8,0,10.0463717948718
"1450",8,0,4.74553941908714
"1451",2,0,8.9283204845815
"1452",8,0,10.5642492917847
"1453",8,0,13.4218152573529
"1454",8,0,7.46030586541922
"1455",8,1,4.95646415770609
"1456",8,0,12.5890021008403
"1457",8,0,12.2023028846154
"1458",8,0,6.85498482142857
"1459",2,0,20.9493557692308
"1460",2,0,15.2928894230769
"1461",2,1,21.7038820960699
"1462",2,0,13.1362037037037
"1463",2,1,31.6245062370062
"1464",2,1,12.0489454545455
"1465",2,0,19.9937083333333
"1466",2,1,10.3956176319836
"1467",8,1,14.9295951417004
"1468",2,1,18.7794907407407
"1469",2,1,20.2420398230088
"1470",2,1,20.9438255578093
"1471",2,0,34.289536
"1472",2,0,16.0977813765182
"1473",2,1,21.7825981308411
"1474",2,1,12.2430467196819
"1475",2,1,12.7648
"1476",2,0,12.8460269230769
"1477",2,1,14.8297235772358
"1478",2,0,13.7881227436823
"1479",2,1,14.5563578947368
"1480",8,0,14.3370865384615
"1481",2,0,15.7999024390244
"1482",2,1,17.2223516483516
"1483",8,0,27.0592929292929
"1484",8,0,27.1147764705882
"1485",2,1,6.26528189910979
"1486",5,1,12.35
"1487",2,1,15.5902192307692
"1488",8,1,47.3351282051282
"1489",2,0,11.3754313380282
"1490",2,1,12.4798571428571
"1491",2,1,17.4016538461538
"1492",2,1,43.8412307692308
"1493",2,1,17.7288917004049
"1494",2,0,9.17186170212766
"1495",2,0,16.9906928327645
"1496",2,0,33.8365461538462
"1497",2,0,44.5111755952381
"1498",2,0,18.3600043478261
"1499",2,1,21.2240865384615
"1500",2,0,19.4343835616438
"1501",2,1,13.6848441365661
"1502",2,1,8.76949903846154
"1503",2,0,25.937777027027
"1504",8,1,22.3882432432432
"1505",2,0,16.9878880407125
"1506",2,1,18.1188114178755
"1507",2,0,7.41819538670285
"1508",5,1,21.0124951923077
"1509",8,1,16.5341195652174
"1510",5,1,17.3968111587983
"1511",5,0,24.7460663360198
"1512",8,0,16.0586892430279
"1513",5,1,13.8417980769231
"1514",2,0,19.1161098901099
"1515",5,1,18.9578606965174
"1516",2,1,21.0434239130435
"1517",8,0,2.40729759615385
"1518",5,1,28.7610625
"1519",5,1,19.1398408304498
"1520",8,0,4.80722960151803
"1521",2,0,14.9056989247312
"1522",8,0,17.28566875
"1523",2,1,16.0888139145013
"1524",8,0,13.7099678571429
"1525",8,1,20.6439530685921
"1526",8,1,10.3178909090909
"1527",2,1,14.8308225324028
"1528",8,1,11.8769753246753
"1529",5,0,10.6669894736842
"1530",8,0,8.00581395348837
"1531",8,0,10.4694790486976
"1532",8,1,35.8517638888889
"1533",8,1,12.5713939393939
"1534",5,0,13.2459600886918
"1535",8,1,11.5585804263566
"1536",2,0,31.4415815085158
"1537",5,0,15.3797724358974
"1538",8,0,12.2772980769231
"1539",8,0,9.22786538461538
"1540",8,0,3.30245127353267
"1541",8,1,12.8675707472178
"1542",8,0,23.36684
"1543",8,1,20.3804067460317
"1544",8,0,9.88483146067416
"1545",2,0,11.9806600985222
"1546",8,0,38.7528203883495
"1547",8,0,11.3721504934211
"1548",8,1,27.4810653753027
"1549",8,1,50.6372596153846
"1550",2,0,14.5961644486692
"1551",8,1,15.7399424920128
"1552",2,0,19.3406083916084
"1553",5,1,7.63492857142857
"1554",8,0,17.0825242718447
"1555",8,0,8.42313829787234
"1556",5,1,6.89858843537415
"1557",2,0,17.0533818770227
"1558",5,1,17.5076188811189
"1559",8,1,10.5829125475285
"1560",2,1,19.1939576923077
"1561",2,0,10.8817651006711
"1562",8,0,24.6161376518219
"1563",8,0,15.7415825242718
"1564",8,0,7.19053366174056
"1565",8,0,17.2631607515658
"1566",8,0,9.43874168354064
"1567",8,0,10.8410442678774
"1568",2,1,17.5329423076923
"1569",8,0,10.5686474501109
"1570",8,0,8.30507692307692
"1571",5,1,42.1180952380952
"1572",2,0,11.3888212025316
"1573",8,1,14.369807486631
"1574",8,0,18.5304263565891
"1575",8,0,12.0489417249417
"1576",2,1,25.0667350746269
"1577",8,0,12.3916847826087
"1578",2,0,17.7721851851852
"1579",8,1,16.9882793103448
"1580",5,0,11.9475721153846
"1581",8,0,14.2373512396694
"1583",8,0,19.4048510638298
"1584",8,0,6.43538728323699
"1585",8,0,12.2387520458265
"1586",8,1,24.5314951923077
"1587",5,1,14.5757876712329
"1588",8,0,6.09690588235294
"1589",2,1,13.3516896551724
"1590",8,0,31.8092222222222
"1591",8,1,13.709967032967
"1592",8,1,7.56241758241758
"1593",8,0,7.50385465116279
"1594",8,0,5.95945983213429
"1595",2,0,8.62297831325301
"1596",2,1,28.79094
"1597",5,1,8.08686159844055
"1598",8,1,17.9546516853933
"1599",5,0,10.4966953125
"1600",8,1,3.29357908411822
"1601",2,0,18.1837345794393
"1602",8,0,11.7346420411272
"1603",8,0,16.5227761836442
"1604",2,1,15.1133503937008
"1605",8,0,16.5672971014493
"1606",2,0,11.52378125
"1607",8,1,16.304834193073
"1608",8,0,3.14320593249233
"1609",8,0,23.2646963761019
"1610",8,1,15.7545622641509
"1611",8,0,12.3831975806452
"1612",8,1,26.4483661417323
"1613",8,0,10.8888798076923
"1614",8,1,19.2062962962963
"1615",8,1,5.00331848341232
"1616",8,1,15.5978013544018
"1617",5,0,17.3441201923077
"1618",8,0,6.68446268656716
"1619",8,1,12.6670528846154
"1620",8,0,9.56312
"1621",5,1,11.7519439163498
"1622",8,1,11.2340576923077
"1623",5,0,21.2205140961857
"1624",8,0,3.85733211297071
"1625",2,1,17.0963603238866
"1626",5,0,49.6818396226415
"1627",2,0,23.2010892116183
"1628",8,1,28.6225701754386
"1629",8,1,7.12855856573705
"1630",2,0,31.6881367924528
"1631",8,1,26.3651763584366
"1632",5,0,10.521926910299
"1633",2,1,19.1945490909091
"1634",5,1,18.2965546981389
"1635",8,0,10.1083740648379
"1636",2,1,25.8380192307692
"1637",8,1,6.1709082733813
"1638",5,0,33.8365480769231
"1639",2,1,31.1190675105485
"1640",5,1,17.1814950980392
"1641",2,1,21.113355
"1642",8,1,17.7288894230769
"1643",2,1,30.8359136690647
"1644",8,0,12.586204007286
"1645",8,1,24.3554991610738
"1646",5,1,14.3370865384615
"1647",2,0,24.5740270018622
"1648",8,0,22.3040913978495
"1649",8,0,8.26541397533764
"1650",8,0,27.1147794117647
"1651",8,1,13.5086420345489
"1652",5,1,26.1588903508772
"1653",8,1,9.92182062780269
"1654",8,1,9.07169178082192
"1655",8,0,15.3051828298887
"1656",8,0,13.4856979650125
"1657",8,1,10.8125698324022
"1658",8,0,9.6408091503268
"1659",5,0,23.3660041322314
"1660",2,1,12.684625
"1661",2,1,5.45476731793961
"1662",8,1,14.2531475128645
"1663",2,0,19.3643733766234
"1664",2,0,16.5278575089698
"1665",5,0,21.7445803571429
"1666",8,1,33.4258627968338
"1667",2,0,12.5106728395062
"1668",8,1,13.7886696090794
"1669",8,0,12.8559168591224
"1670",8,1,5.06223148148148
"1671",8,0,10.2057289527721
"1672",8,0,11.9652685185185
"1673",2,0,15.2259759615385
"1674",8,0,6.28392976190476
"1675",8,0,7.01149315068493
"1676",8,1,15.4941554621849
"1677",2,1,18.7082642998028
"1678",2,0,14.4437836538462
"1679",2,0,15.9954595959596
"1680",2,0,16.3261346153846
"1681",2,0,15.6786642599278
"1682",2,1,12.6458653846154
"1683",8,0,14.1132058823529
"1684",8,0,7.437728288908
"1685",8,0,15.286985
"1686",2,0,20.6393010752688
"1687",8,0,8.51566386554622
"1688",5,0,9.95859188544153
"1689",8,0,21.9835288461538
"1691",2,0,6.58636363636364
"1692",8,1,6.58628365384615
"1693",2,1,23.1405566801619
"1694",2,0,6.34720833333333
"1696",2,0,11.5351879370629
"1697",2,0,4.9961704718417
"1698",8,1,9.63966254752852
"1699",2,0,12.3355274043433
"1700",2,1,8.63728
"1701",2,0,13.0289714285714
"1702",2,0,6.4340589569161
"1703",2,0,14.7357042957043
"1704",8,0,13.9734586894587
"1705",2,1,8.19825257731959
"1706",2,1,12.4760694444444
"1707",2,1,9.69124847001224
"1708",2,0,12.251196013289
"1709",2,0,7.39364361702128
"1710",5,0,8.81123440577807
"1711",2,1,18.5530360281195
"1712",8,1,22.7489948979592
"1713",5,0,12.6887067307692
"1714",2,0,9.55805769230769
"1715",8,1,23.9482144420131
"1716",8,0,7.72087142857143
"1717",2,1,27.3678136882129
"1718",5,0,7.85000704225352
"1719",8,0,11.8445194805195
"1720",8,0,17.8829019607843
"1721",2,0,11.7833050089445
"1722",2,0,17.9213581730769
"1723",8,0,11.5207926829268
"1724",2,1,6.76730769230769
"1725",2,0,7.30164693772517
"1726",8,1,17.5329423076923
"1727",2,1,18.9245691382766
"1728",2,0,20.53828307393
"1729",2,0,30.71033
"1730",2,0,19.6775442684063
"1731",2,0,26.4751452991453
"1732",2,0,10.2475056179775
"1733",8,0,7.68636727688787
"1734",5,0,13.1250042625746
"1735",5,0,10.996875
"1736",8,0,12.2920306666667
"1737",2,0,11.64375
"1738",2,0,10.3500042016807
"1740",8,0,7.98567853705486
"1741",2,1,13.1882277227723
"1742",5,0,14.9952783203125
"1743",2,0,9.22786538461538
"1744",2,0,10.6373346153846
"1745",2,0,25.2144273504273
"1746",8,0,18.8592173913043
"1747",8,0,16.6358345864662
"1748",2,0,12.0229200863931
"1749",8,1,16.9182740384615
"1750",2,0,9.16759727626459
"1751",2,1,17.8548475452196
"1753",2,0,26.1846406882591
"1754",2,0,10.84405
"1755",2,0,7.78962822137727
"1756",2,0,9.16547778709137
"1757",5,0,12.4787234042553
"1758",5,1,11.91328125
"1759",5,1,10.1941105769231
"1760",2,0,15.956
"1761",2,0,11.9355596382137
"1762",2,1,12.8041990740741
"1763",2,0,15.1453940217391
"1764",2,0,15.6685357142857
"1765",2,1,22.2354450549451
"1766",2,0,13.3496797520661
"1768",2,0,9.40880392156863
"1769",8,0,15.9300929487179
"1770",2,1,11.2172467532468
"1771",2,1,16.0486538461538
"1772",8,0,7.59829604130809
"1773",2,0,12.1967852760736
"1774",8,0,12.8534471153846
"1775",2,1,14.0846180555556
"1776",2,0,10.8851739130435
"1777",8,0,8.61769387755102
"1778",2,0,7.7625
"1779",8,0,13.919842032967
"1780",2,0,8.16039507439713
"1781",2,0,6.70401801177693
"1782",8,1,13.6414423076923
"1783",8,0,9.75088942307692
"1784",2,0,13.1755414312618
"1785",2,0,10.2827548076923
"1786",2,0,10.6373365384615
"1787",2,0,13.4726826923077
"1788",2,0,14.3370865384615
"1789",5,0,10.7182788461538
"1790",2,0,9.93494324045407
"1791",2,0,11.6323563829787
"1792",8,1,10.8166024590164
"1793",2,0,21.7422128294381
"1794",2,0,11.2083192389006
"1795",2,0,15.9877692307692
"1796",8,0,4.6888579009434
"1797",2,0,9.23105263157895
"1798",5,1,11.4696682692308
"1799",5,0,12.0158406593407
"1800",2,0,67.8256785714286
"1801",5,0,12.9154264705882
"1802",5,0,12.0638611111111
"1803",2,1,14.4814855967078
"1804",8,0,10.5570038461538
"1805",2,0,10.7818124341412
"1806",5,0,6.87492537313433
"1807",2,1,21.0902905982906
"1808",8,0,14.1286346153846
"1809",2,1,7.03074005550416
"1810",2,1,10.9740124740125
"1811",2,1,7.80249607535322
"1812",2,1,13.9857692307692
"1813",2,0,10.6373365384615
"1814",5,0,6.20577412116679
"1815",2,0,13.4944410480349
"1816",8,0,9.4820747217806
"1817",2,1,9.44697986577181
"1818",5,0,12.903375
"1819",8,0,10.5060088060088
"1820",5,0,37.1104766949153
"1823",5,1,16.2415423076923
"1824",8,0,24.7584521575985
"1825",2,1,6.55575022222222
"1826",2,0,29.3703407079646
"1827",2,0,17.479187432286
"1828",2,0,13.7032710280374
"1830",2,1,26.1979315099977
"1831",2,0,17.0715480769231
"1832",8,0,31.4196488095238
"1833",5,0,15.2734409722222
"1834",2,0,9.84305555555556
"1835",8,0,20.8956906906907
"1836",5,1,8.67672941176471
"1837",8,0,12.582722972973
"1838",8,0,13.0395260416667
"1839",2,0,17.570754141238
"1840",2,1,12.8770636919755
"1841",2,1,25.5224230769231
"1842",5,0,20.627203985932
"1844",2,1,16.542311965812
"1845",8,1,17.5044746835443
"1847",5,1,12.7662067260138
"1848",2,0,15.8608798076923
"1849",2,0,12.2885
"1850",2,0,16.7038076923077
"1851",2,0,10.431625
"1852",2,1,15.3162592592593
"1853",2,1,7.89874814814815
"1854",8,0,16.0467659804984
"1857",2,0,10.9432317073171
"1858",2,0,16.8738076923077
"1859",5,0,11.1710846560847
"1860",8,0,22.1611153846154
"1861",5,0,20.2634193548387
"1862",8,1,11.8427932692308
"1863",2,0,10.8645047169811
"1864",2,0,18.064681724846
"1865",8,0,11.7036341463415
"1866",5,0,16.8424471153846
"1867",5,0,9.01729753914989
"1868",5,0,11.2978267973856
"1869",2,0,9.84794776119403
"1871",8,0,10.6373365384615
"1874",2,0,18.3232795698925
"1876",2,1,13.7671041879469
"1878",8,1,13.4220447019868
"1879",2,0,7.34833857142857
"1880",8,0,4.92152769230769
"1881",2,1,22.4246486486487
"1882",2,0,13.45132
"1883",5,1,19.4877740384615
"1884",2,0,21.8201705237515
"1885",8,0,9.34759748427673
"1888",2,0,10.6841927710843
"1889",5,0,17.4775879120879
"1890",5,0,17.7006855895197
"1891",5,0,12.6670528846154
"1892",2,0,12.6636367485182
"1893",2,0,10.6636363636364
"1894",2,1,13.7259921989274
"1895",2,0,8.86444711538462
"1896",8,0,10.9889058524173
"1897",5,0,19.8061491557223
"1898",8,1,5.76188839285714
"1899",5,0,16.2202478873239
"1900",2,1,10.5803885480573
"1901",2,1,8.694
"1902",2,0,15.0006074600355
"1903",2,0,16.0362777980314
"1904",8,0,17.7260134436401
"1905",5,0,10.1509615384615
"1906",5,1,12.1700815217391
"1907",2,0,56.9514961389961
"1908",2,0,7.63048469387755
"1909",5,0,18.0770590753425
"1910",5,0,10.431498447205
"1911",5,1,24.5668911685995
"1912",2,1,18.0059033203125
"1913",2,0,12.9190096153846
"1914",8,1,11.031311965812
"1915",5,0,10.9508709677419
"1916",5,1,16.0698532110092
"1917",2,0,12.9190096153846
"1919",5,0,11.7995645491803
"1920",2,0,16.6478214285714
"1921",2,0,14.3594129554656
"1922",2,0,7.52704411764706
"1923",2,0,27.1429310344828
"1924",2,0,17.0649688149688
"1925",8,0,11.2596041666667
"1927",2,1,17.9700506072874
"1929",2,1,17.5361865942029
"1930",8,0,8.65948699421965
"1931",5,0,15.8202311481622
"1932",5,1,35.1000601851852
"1933",5,1,11.1058017241379
"1934",8,0,11.0089711538462
"1935",5,0,7.89519551282051
"1936",5,0,10.5129210526316
"1937",5,0,24.2605877192982
"1938",5,0,15.4928834080717
"1939",5,1,17.2487553191489
"1940",8,0,9.22786538461538
"1942",8,0,6.27144557823129
"1943",5,0,26.5773648648649
"1944",5,0,7.61322115384615
"1945",5,0,9.35263043478261
"1946",5,1,12.5868076923077
"1947",5,0,11.8848026315789
"1948",2,1,6.15191239316239
"1949",5,0,10.2711384615385
"1950",5,0,12.8567935034803
"1951",5,0,4.25783193277311
"1952",2,0,8.7229095209935
"1953",8,0,7.52573469387755
"1954",5,1,28.1993647058824
"1955",5,1,30.40093
"1956",2,1,10.8331668625147
"1957",5,0,33.0602211538462
"1958",8,0,24.7364239631336
"1959",8,0,11.7571942985746
"1960",5,0,16.5942423076923
"1961",5,0,11.0734375
"1962",8,0,15.2928894230769
"1963",8,1,11.3516164874552
"1964",5,0,10.6585144230769
"1965",5,0,9.84938354700855
"1966",5,1,21.2500048309179
"1967",5,0,13.6491572637518
"1968",5,0,21.2283410138249
"1969",8,0,13.9759657190635
"1970",8,1,11.8427932692308
"1971",5,0,15.279829205807
"1972",2,0,4.48108166089965
"1973",2,1,6.84039802631579
"1974",2,0,10.803951754386
"1975",5,0,9.4043330179754
"1976",5,1,19.5017788461538
"1977",5,0,11.06283
"1978",5,0,18.6387754237288
"1979",5,0,26.0537608695652
"1980",8,0,9.79478744939271
"1981",2,1,17.7641875
"1982",8,0,15.0695576923077
"1983",8,1,8.70690145985401
"1984",8,0,22.7481730769231
"1985",8,0,7.00850535540409
"1986",5,0,4.58203229166667
"1987",8,0,7.8222
"1988",5,1,23.9554289940828
"1989",5,0,17.2702497769848
"1990",5,1,7.90202142857143
"1991",8,0,9.74388942307692
"1992",5,0,12.3422564102564
"1993",8,0,9.45541025641026
"1995",8,0,15.5902211538462
"1996",5,0,16.81117
"1997",8,1,10.9917644230769
"1998",5,0,13.5936794871795
"1999",5,0,12.1798605769231
"2000",8,0,7.85491071428571
"2001",5,1,8.09585889570552
"2002",5,0,6.46502994011976
"2003",8,0,11.2713582629674
"2004",8,0,11.8852336956522
"2005",8,0,25.3341105769231
"2006",8,0,20.1080650835532
"2007",2,1,6.57327397260274
"2008",5,0,9.17983
"2009",8,0,8.85060362173038
"2010",5,0,11.031311965812
"2011",5,0,32.1134427284427
"2012",5,0,8.797502
"2013",5,0,7.06773803261441
"2014",8,0,8.39409777777778
"2015",5,0,12.7214888211382
"2016",8,0,26.1904071969697
"2017",5,1,23.6855817307692
"2018",8,0,15.53184375
"2019",5,0,10.3404540816327
"2020",8,0,4.98325608108108
"2021",8,0,7.92518939393939
"2022",5,1,24.3597163461538
"2023",2,0,9.55346468044209
"2024",8,0,17.5358461538462
"2025",8,0,10.3536590038314
"2026",5,0,17.4290141509434
"2027",5,0,13.5664548494983
"2028",2,1,28.4656144067797
"2029",8,0,16.4102161474889
"2030",5,0,19.3785144230769
"2031",5,1,15.6979752431477
"2032",5,0,13.6414423076923
"2033",8,0,13.0457877358491
"2034",5,0,4.58786730769231
"2035",5,0,9.95100697906281
"2036",5,1,16.2410427350427
"2037",8,0,12.2783869774325
"2038",5,1,19.1537190775681
"2039",5,0,73.7522
"2040",8,0,5.79303680981595
"2041",2,0,8.92742441860465
"2042",5,0,11.52378125
"2043",2,0,14.6158317307692
"2044",8,0,8.46233402922756
"2045",8,1,5.53672115384615
"2046",5,0,22.9445011494253
"2047",5,0,20.9493557692308
"2048",5,0,8.76413766434648
"2049",8,1,14.6158317307692
"2050",5,0,7.15526478375993
"2051",8,1,11.6283679245283
"2052",5,1,17.2045
"2053",5,0,14.6232880434783
"2054",5,0,18.4754705882353
"2055",5,0,8.93257211538462
"2056",8,0,5.6304
"2057",5,0,19.5763589015151
"2058",8,0,9.38605494505494
"2059",5,0,3.02266276595745
"2060",5,1,21.2240865384615
"2061",5,0,12.7900919117647
"2062",5,0,54.6312654320988
"2063",5,0,17.8213944223108
"2064",2,1,11.5237788461538
"2065",8,0,9.0806006006006
"2066",5,0,10.380198541329
"2067",5,0,31.1131158536585
"2068",5,0,17.7198043478261
"2069",5,0,19.3901323987539
"2071",5,1,9.82538659793815
"2072",8,0,15.479
"2073",5,0,9.87924264705882
"2074",5,0,21.1478413461538
"2075",8,0,14.3805336538462
"2076",5,0,13.2574446902655
"2077",2,0,18.489375
"2078",8,0,15.8673605769231
"2079",8,1,11.7664645820038
"2080",8,0,11.2797450980392
"2081",5,0,9.62919230769231
"2082",5,0,15.0506134686347
"2083",5,0,10.1506490384615
"2084",5,0,25.4881481481481
"2085",8,1,17.6437395912188
"2086",8,0,9.26014744801512
"2087",5,0,11.1933481575604
"2088",8,0,5.7262
"2089",5,1,24.9321902834008
"2090",8,0,12.048946969697
"2091",2,0,26.5933365384615
"2092",5,1,12.6887067307692
"2093",8,1,14.1831153846154
"2094",8,0,42.5084654178674
"2095",5,0,16.8640679442509
"2096",5,0,19.7775692041522
"2097",5,0,7.38510476190476
"2098",5,1,13.8535864978903
"2099",5,0,23.2705432692308
"2100",5,0,7.29330667732907
"2101",5,0,23.2014835164835
"2102",8,0,11.1862251655629
"2103",8,0,9.4461381531854
"2104",5,0,26.7956923076923
"2105",5,0,9.18859574468085
"2106",8,0,11.0719033047736
"2107",5,0,9.60314895833333
"2108",5,0,21.9937548076923
"2109",5,0,41.9046477272727
"2110",5,0,18.9803431372549
"2111",8,0,14.1831111111111
"2112",5,0,14.2959427083333
"2113",5,0,13.7990042553191
"2114",5,1,10.4877577092511
"2115",8,0,22.5917681818182
"2116",2,0,8.7975
"2117",5,0,8.1980198019802
"2118",5,0,17.7641875
"2119",5,0,2.95477026164646
"2120",5,0,21.887655
"2122",8,0,15.0359424778761
"2123",8,1,11.5349112627986
"2124",5,0,16.0557197149644
"2125",8,0,7.79511057692308
"2126",8,1,2.85982233502538
"2127",8,0,8.12076923076923
"2128",8,0,7.23031529411765
"2129",5,0,9.22786538461538
"2130",5,1,16.6101586538462
"2131",5,1,10.5062403433476
"2132",5,0,15.879963898917
"2133",5,1,18.6548659517426
"2134",2,1,24.7567889447236
"2135",5,0,17.0715480769231
"2136",2,0,42.0214901960784
"2137",8,0,9.63444506413832
"2138",2,0,15.8758933002481
"2139",8,0,5.84587817258883
"2140",8,1,26.8429085406859
"2141",5,0,11.4696682692308
"2142",5,1,15.2264471153846
"2143",5,0,10.3310128440367
"2144",8,0,16.9109779735683
"2146",8,0,8.7484103410341
"2147",8,0,14.7494569672131
"2148",8,0,16.2486971153846
"2149",5,0,16.943337037037
"2150",8,0,9.74388942307692
"2151",8,0,18.1972304038005
"2152",8,0,16.5990613207547
"2153",8,0,20.5649553571429
"2154",5,0,13.1700339285714
"2155",5,0,22.1611153846154
"2156",5,0,16.9182740384615
"2157",8,0,3.90121097560976
"2158",5,1,11.9624005190311
"2159",5,0,6.81088654353562
"2160",8,1,13.5989574898785
"2161",5,0,9.74388942307692
"2162",5,0,14.2678090766823
"2164",5,0,10.7296696428571
"2165",5,0,10.5223982798544
"2166",5,1,10.8328413461538
"2167",5,0,11.4696682692308
"2168",8,0,9.45806666666667
"2169",5,1,6.92508920187793
"2170",8,0,7.65912980769231
"2171",2,1,14.5086295081967
"2172",5,0,16.7632805676856
"2173",5,0,8.28754749568221
"2174",5,1,28.0426577946768
"2175",5,1,22.3208705161855
"2176",5,0,16.2410432692308
"2177",8,0,12.1100069686411
"2178",5,0,6.82072115384615
"2179",5,1,19.1346251931994
"2180",8,0,10.143243877551
"2181",8,0,7.64644711538462
"2182",8,1,16.8424471153846
"2183",8,0,12.9777685088634
"2184",2,0,9.1415735520246
"2185",5,0,21.8008293269231
"2186",5,1,20.1650606741573
"2187",2,1,12.3406105769231
"2188",8,0,16.0723605769231
"2189",5,1,2.90085037783375
"2190",5,0,22.8396682692308
"2191",8,0,8.29712019230769
"2192",5,0,17.5422741596639
"2193",2,1,6.16712692511949
"2195",2,0,10.2486201923077
"2196",5,0,8.00024561403509
"2197",5,0,62.0981029411765
"2198",5,0,8.74110897435897
"2199",5,0,38.3801971153846
"2200",5,0,7.64644711538462
"2201",5,1,20.5476889168766
"2202",5,0,5.1297387755102
"2203",5,0,9.40112244897959
"2204",8,0,77.6338815789474
"2205",5,0,11.2054711538462
"2206",5,0,12.6553582417582
"2207",5,1,12.7648
"2209",5,0,22.9393365384615
"2210",8,1,4.60469195136074
"2211",5,0,16.4966279069767
"2212",5,0,8.17232806324111
"2213",8,0,10.3276666666667
"2214",8,1,16.3408018018018
"2215",8,0,8.44490839694656
"2216",2,0,19.8569725220805
"2217",5,0,8.71962848297214
"2218",5,0,12.2772980769231
"2219",8,1,10.6373365384615
"2220",5,0,17.8717094017094
"2221",5,0,6.34282768565249
"2222",5,0,3.82135699481865
"2223",5,1,8.72180204410974
"2224",8,1,9.22786538461538
"2225",5,0,47.101010989011
"2226",8,0,9.88648170731707
"2227",8,0,9.32597173144876
"2228",8,0,8.05341258741259
"2229",8,1,2.80669505882353
"2230",5,0,17.9943375
"2231",8,0,9.06523961661342
"2232",2,0,11.52378125
"2233",8,0,18.4557259615385
"2234",5,0,15.956
"2235",5,1,36.5525686813187
"2236",8,0,8.55787937743191
"2237",5,0,13.6519899589229
"2238",5,1,38.3801971153846
"2239",5,0,14.3513327601032
"2240",5,1,16.0486538461538
"2241",8,0,9.44336
"2242",5,0,9.35904255319149
"2243",5,1,5.79704807692308
"2244",5,0,17.9039620141343
"2245",8,0,5.66163254861822
"2246",5,1,7.89874897119341
"2247",5,0,7.45367872340425
"2248",5,0,16.2660727272727
"2249",8,0,10.7648575567359
"2250",5,0,7.93138842975207
"2251",5,0,18.2865471698113
"2252",2,1,16.7649107142857
"2253",2,0,22.0897307692308
"2254",5,0,6.20511057692308
"2255",2,0,10.1336428571429
"2256",8,0,10.6176767241379
"2257",2,0,20.3019278846154
"2258",2,0,8.34678587596197
"2259",2,0,19.0684778325123
"2260",8,0,8.49120526315789
"2261",2,1,28.7909363636364
"2262",2,0,11.099282584885
"2263",2,0,18.2817890466531
"2264",2,1,12.3645708154506
"2265",8,0,17.539
"2266",2,0,2.68348052448901
"2267",2,0,14.4963819444444
"2268",2,1,20.0376483516484
"2269",2,0,19.1939583333333
"2270",2,0,16.9374348810872
"2272",5,0,11.1660576923077
"2273",2,0,11.4696682692308
"2274",8,0,9.74388942307692
"2275",2,0,22.7208634920635
"2276",2,0,12.9657119565217
"2277",5,0,6.9448926746167
"2278",2,0,13.3278826815642
"2279",2,0,3.25935141509434
"2280",2,0,7.2566965973535
"2281",2,0,11.8116682692308
"2282",5,0,9.08015384615385
"2284",2,0,29.7673014888337
"2285",2,0,8.18741119005329
"2286",2,0,13.23304784689
"2287",2,1,20.7502252252252
"2288",2,1,15.8132045454545
"2289",2,1,18.8406932515337
"2291",2,0,7.34688888888889
"2293",2,1,15.2264471153846
"2294",2,0,10.0256735159817
"2295",5,0,15.2264471153846
"2296",5,1,15.5902211538462
"2297",5,0,16.6880453608247
"2298",8,0,7.1163202247191
"2299",2,1,11.3477787162162
"2300",2,0,10.5570033333333
"2301",2,1,9.86449618320611
"2302",2,0,14.4766305418719
"2304",8,1,18.0401098901099
"2305",2,1,15.6873701923077
"2307",8,1,11.6736105769231
"2308",2,0,13.5649615384615
"2309",2,0,12.1288836229595
"2310",2,1,14.0767864923747
"2312",5,0,8.444703125
"2314",2,0,17.2497297297297
"2315",2,1,12.8877306616962
"2316",2,0,8.77841865509761
"2317",5,0,13.2966682692308
"2319",2,0,11.4696682692308
"2320",5,0,16.7265961538462
"2321",2,0,14.0289510869565
"2322",2,0,8.71088976377953
"2323",2,1,14.4860047169811
"2324",5,1,15.7707932692308
"2325",2,0,14.1402085143354
"2326",2,0,15.7567213930348
"2327",2,0,32.9707076923077
"2328",2,0,26.4751435897436
"2329",2,0,6.45285553470919
"2330",2,0,20.5498221153846
"2332",8,1,11.6648342541436
"2333",2,1,13.2966682692308
"2335",8,0,10.836103074141
"2336",5,1,13.5806320754717
"2337",2,0,8.45913461538461
"2338",2,0,9.22786538461538
"2339",8,0,7.94612903225806
"2340",5,0,13.3840566037736
"2341",2,1,19.0467497886729
"2342",8,0,15.2264471153846
"2343",5,0,14.0443597560976
"2344",2,0,18.7980822649573
"2345",2,1,11.7155144230769
"2346",2,1,18.3959418374091
"2348",2,0,12.0433786078098
"2349",2,0,9.8311473880597
"2350",5,0,5.92139423076923
"2351",2,0,12.7804857142857
"2352",8,0,12.6887067307692
"2353",8,0,20.1914821852732
"2354",5,0,15.956
"2355",8,0,20.3882259615385
"2356",2,0,8.43154874892148
"2357",5,1,10.6373365384615
"2358",2,0,11.4696648351648
"2360",2,1,8.91912442396313
"2361",5,0,14.3370865384615
"2362",5,0,17.2021320754717
"2363",5,0,16.6834390243902
"2364",2,0,18.1466396542409
"2365",8,0,12.5246283074339
"2366",2,0,8.90381173490925
"2367",2,1,20.1609427083333
"2368",8,0,13.011918652424
"2369",2,1,15.956
"2370",2,0,18.1687554347826
"2371",2,0,11.3799545454545
"2372",2,1,12.3948093645485
"2373",5,0,33.8365480769231
"2374",5,1,22.6082692307692
"2375",5,0,17.1826438933084
"2377",2,0,15.2233652094718
"2378",2,0,26.1700594942985
"2379",5,0,16.2486971153846
"2380",5,1,12.957141025641
"2381",2,0,9.00768333333333
"2382",5,0,18.8383701831965
"2383",2,1,11.5237788461538
"2384",2,0,18.3806105919003
"2385",5,0,15.7942309124767
"2386",5,0,12.8899951923077
"2387",2,0,11.0491529605263
"2388",2,1,15.956
"2389",5,0,3.87900100755667
"2390",5,0,15.3884711538462
"2391",2,0,14.2499528746466
"2392",5,0,18.1871442307692
"2393",5,1,28.0470566214319
"2395",2,0,19.3785144230769
"2396",2,0,10.6522321428571
"2397",2,0,6.4206984298863
"2398",5,0,13.7099714285714
"2399",2,0,13.2907823741007
"2400",5,0,11.4696682692308
"2401",5,0,15.3650388888889
"2402",2,1,11.13586996337
"2403",2,0,17.5600476190476
"2405",8,0,20.1742020295203
"2406",8,1,17.5568373101952
"2407",5,1,19.4046694214876
"2408",8,0,21.327987275882
"2409",2,0,12.4254711538462
"2411",2,1,11.5237788461538
"2413",2,1,14.0146324269889
"2414",2,1,9.09180894308943
"2416",5,1,12.8073576512456
"2418",2,0,8.24660042964554
"2419",2,0,45.6998928571429
"2420",2,1,13.2966682692308
"2421",2,0,14.3031875
"2422",2,0,11.0313479623824
"2423",2,0,11.0734375
"2424",5,0,13.6969267364415
"2425",2,0,8.48245866666667
"2426",2,0,8.7695
"2427",2,0,17.2477302631579
"2429",2,0,12.0672291350531
"2430",8,0,20.6898747390397
"2431",2,0,13.5880385200203
"2432",2,0,12.1811576923077
"2433",8,0,18.4287921348315
"2434",5,0,7.35944711538462
"2435",5,0,11.4835641025641
"2436",5,1,14.251438172043
"2437",2,1,9.07515839243499
"2438",5,0,16.4081117455139
"2439",5,0,16.5752996575342
"2440",8,0,4.85156323529412
"2441",5,0,13.6414423076923
"2442",2,0,14.1229398907104
"2443",2,1,15.3650392156863
"2444",5,0,15.0055865384615
"2446",2,1,11.7090441176471
"2447",2,0,8.83932236842105
"2448",2,0,20.2672857142857
"2449",2,0,17.1143301886792
"2453",5,0,10.9927113062569
"2454",2,0,15.6525814412636
"2455",2,0,12.6670535714286
"2456",2,0,16.0723605769231
"2457",8,0,9.39347161572052
"2458",8,0,12.2920333333333
"2459",5,0,26.3188442703232
"2460",2,0,13.2966682692308
"2461",2,1,27.65706875
"2462",2,0,14.5800240384615
"2463",5,1,17.2045
"2464",2,0,8.30507692307692
"2465",2,0,9.42664534883721
"2466",2,1,18.9161333333333
"2467",2,1,34.1157307692308
"2468",2,0,10.3091264459513
"2469",2,0,11.8108894230769
"2470",2,0,10.1509615384615
"2473",5,0,14.8753892821031
"2474",5,0,10.6373365384615
"2478",2,1,7.13376785714286
"2479",8,0,15.1063564814815
"2481",2,0,15.2928894230769
"2482",8,1,8.42122115384615
"2483",2,1,10.2344292929293
"2484",5,1,9.58959615384615
"2485",2,1,24.8985943396226
"2486",5,0,14.2996944444444
"2487",2,0,9.55995166666667
"2488",2,0,14.4929770417764
"2489",2,1,24.5881668721743
"2491",2,0,10.1506490384615
"2492",5,0,18.2717362637363
"2493",5,0,6.1916
"2494",2,0,7.56898440065681
"2495",2,0,5.03235422740525
"2496",2,1,14.0894675324675
"2497",5,0,7.54924582104228
"2498",2,0,9.18734814143246
"2499",2,1,5.53672115384615
"2500",8,0,8.76040467625899
"2501",2,0,12.1807836538462
"2502",8,0,6.27813368421053
"2503",2,0,9.14212696941613
"2504",2,0,17.7288894230769
"2506",8,1,17.8943645833333
"2507",2,0,11.8319182692308
"2508",5,1,10.6633101851852
"2511",8,0,15.2264423076923
"2512",5,0,21.2746682692308
"2513",2,1,16.2486971153846
"2514",2,1,15.8782141119221
"2515",5,0,59.6791623036649
"2516",2,0,17.7995988372093
"2517",2,0,12.3953796889296
"2518",5,0,11.9057747148289
"2519",2,1,22.2545802238806
"2520",5,0,12.2343125
"2521",2,0,12.3180429497569
"2522",2,0,2.76018662674651
"2523",5,0,15.4884941860465
"2524",5,0,6.01998613861386
"2525",2,0,8.37857142857143
"2526",2,0,15.67234
"2527",2,0,14.5611451135242
"2528",2,0,8.10474913065077
"2529",2,0,15.2198810572687
"2530",2,0,17.7814985163205
"2531",2,0,13.4391891891892
"2533",2,0,20.0719182692308
"2534",5,1,13.1708097992514
"2535",5,0,15.95425
"2536",2,1,16.8894027777778
"2537",2,0,16.6101586538462
"2538",5,0,14.99528125
"2539",8,0,10.5748723404255
"2540",8,1,24.9272170686456
"2541",2,0,10.9149254901961
"2542",5,0,12.26575
"2543",5,1,15.5028125
"2544",8,0,16.9824078947368
"2545",2,0,11.6926634615385
"2547",5,1,4.38719028571429
"2549",8,1,12.7283021276596
"2550",6,1,19.4877740384615
"2551",6,0,21.6095217391304
"2552",6,0,24.9574468085106
"2553",6,0,16.9182740384615
"2554",6,0,16.3621917808219
"2555",6,0,12.3883190709046
"2556",6,1,11.9962211538462
"2557",6,0,14.1132058823529
"2558",3,0,16.2808388520971
"2559",6,0,5.85334920634921
"2560",6,0,12.0422091254753
"2561",3,0,31.2945
"2562",6,0,9.59697692307692
"2563",6,1,8.92742441860465
"2564",6,0,20.9826023529412
"2565",6,0,3.48579203152364
"2566",6,0,9.11961391437309
"2567",6,0,38.3801971153846
"2568",6,0,16.9182740384615
"2569",6,0,6.69011406844106
"2570",6,0,20.8312938689218
"2571",6,0,8.45913461538461
"2572",6,1,12.6887067307692
"2573",6,1,7.89638115631692
"2574",6,0,12.9066346153846
"2575",6,0,19.5086203208556
"2576",6,0,12.5493156146179
"2578",6,0,17.9375263157895
"2579",6,1,18.2719369369369
"2580",3,0,15.5902230769231
"2581",6,0,15.2609744897959
"2582",6,0,5.9981125
"2583",6,0,41.0625730994152
"2584",6,0,14.5344008908686
"2585",6,1,29.2526682692308
"2586",6,0,17.1374642857143
"2587",6,0,10.967975
"2588",6,0,14.7645817307692
"2589",9,1,11.1832669491525
"2590",6,0,11.8427932692308
"2591",6,1,12.5724628820961
"2592",6,1,33.5946520814342
"2593",6,0,17.0524273127753
"2594",6,0,22.4697632311978
"2595",9,1,9.39363449691992
"2596",6,0,5.088255
"2597",6,0,6.9
"2598",6,0,68.6159609120521
"2599",6,0,13.3812788461538
"2600",6,0,10.1509615384615
"2601",6,0,23.2523469785575
"2602",6,0,15.956
"2603",6,0,20.7635675675676
"2604",6,0,13.7661577868852
"2605",6,0,14.3013803921569
"2606",6,0,8.86654112983152
"2607",6,0,7.91775
"2608",6,1,11.6434048257373
"2609",6,0,10.7182788461538
"2610",6,1,30.9780882352941
"2611",6,0,8.28364880952381
"2612",6,0,24.63301
"2613",6,1,11.091453313253
"2614",6,0,19.1161153846154
"2615",6,0,10.9596783216783
"2616",6,0,18.0919073684211
"2617",6,0,13.324335106383
"2618",6,0,6.46686447368421
"2619",6,0,11.8427932692308
"2620",6,0,13.23304784689
"2621",6,0,11.8022329317269
"2622",6,0,25.257595890411
"2623",6,0,21.9937548076923
"2624",6,0,5.01033876811594
"2625",6,0,14.9391556603774
"2626",9,0,19.5947610208817
"2627",6,0,10.01436
"2628",6,0,52.66275
"2629",6,0,13.3371949685535
"2630",6,0,11.5083575581395
"2631",6,0,11.9369464944649
"2632",6,1,23.062775862069
"2633",6,0,11.5107586206897
"2634",6,0,12.48409375
"2635",6,0,19.5066563192905
"2636",6,0,15.956
"2637",6,0,22.3491515151515
"2638",6,0,28.9720094339623
"2639",6,1,8.09100581395349
"2640",9,0,10.3287676886792
"2641",6,1,12.7087891207154
"2642",6,0,14.1374266666667
"2643",6,0,6.3781875
"2644",6,0,13.0820635696822
"2645",6,0,25.3341105769231
"2646",6,0,12.5177989130435
"2647",6,0,9.10086206896552
"2648",6,0,12.1718928571429
"2649",6,0,25.8750049019608
"2650",9,1,9.0001838849883
"2651",3,0,9.22786538461538
"2652",6,0,22.4614326923077
"2653",6,0,4.98325567567568
"2654",6,0,7.92425925925926
"2655",6,1,5.87570153061225
"2656",6,0,14.2060420560748
"2657",9,1,13.7825913621262
"2658",6,1,15.0856727272727
"2659",6,0,27.4609191489362
"2660",6,0,6.66457386363636
"2661",6,0,17.3860416666667
"2662",6,0,4.8649197889182
"2663",6,0,17.3943820754717
"2665",6,0,4.89641785714286
"2666",6,0,11.8427932692308
"2667",6,0,14.5183942307692
"2668",6,0,10.0522075
"2669",6,0,8.67137096774194
"2670",6,0,37.6440355029586
"2671",6,0,14.4801413612565
"2672",6,0,9.18859767891683
"2673",6,0,14.2930589147287
"2674",6,0,6.42039107142857
"2675",6,0,17.539
"2676",6,1,26.7625576923077
"2677",6,0,8.02901238591916
"2678",9,0,15.365037037037
"2679",6,0,7.76665824206683
"2680",6,0,18.1476850393701
"2681",6,0,11.4181877934272
"2682",6,0,8.762565
"2683",6,0,11.9970086206897
"2684",6,0,5.55018425460637
"2685",6,0,4.6060219895288
"2686",6,0,29.2879826589595
"2687",6,0,10.42925
"2688",6,0,10.3545625
"2689",6,0,14.9809125
"2690",6,1,13.9088277777778
"2691",6,1,17.790389261745
"2692",9,1,15.0695576923077
"2693",9,1,20.944302416212
"2694",6,0,9.23287222222222
"2695",6,0,5.21762850082372
"2696",9,0,11.8352331081081
"2697",9,1,10.2609213836478
"2698",6,0,16.7940565345081
"2699",6,0,25.7514636871508
"2700",6,0,23.9340048076923
"2701",6,0,10.9129903923139
"2702",6,0,13.6414423076923
"2703",3,1,12.9389785575049
"2704",6,0,9.07205345501956
"2705",6,0,13.1335868852459
"2706",6,0,8.78932203389831
"2707",6,0,13.8417980769231
"2708",3,0,8.32217674418605
"2709",6,0,25.7822222222222
"2710",6,0,17.992085
"2711",6,1,12.1807836538462
"2712",6,0,9.61722573839662
"2713",6,0,23.5942930856553
"2714",6,0,2.48691760299625
"2715",6,0,8.45913461538461
"2716",6,0,23.6855817307692
"2717",6,0,10.9124605678233
"2718",6,0,13.3060398613518
"2719",6,0,9.1747323266987
"2720",6,0,13.1465479452055
"2721",6,0,5.13449328512397
"2722",3,0,17.2045
"2723",6,0,14.1831153846154
"2724",6,1,7.81614017769003
"2725",6,0,2.49967602682313
"2726",6,1,20.2849674185464
"2727",6,1,38.3801971153846
"2728",6,0,15.5475068493151
"2729",6,0,19.0994192139738
"2730",6,0,20.0922553191489
"2731",6,0,21.0922582417582
"2732",6,0,11.6242881241565
"2733",6,1,15.70415
"2734",6,0,14.5846394230769
"2735",6,1,15.5902211538462
"2736",9,0,22.588627140975
"2737",6,1,18.3281295289855
"2738",6,0,16.7594865384615
"2739",6,0,8.7695
"2740",6,0,6.6269212962963
"2741",6,0,9.22786538461538
"2742",6,0,8.97704081632653
"2743",6,0,18.5862746478873
"2744",6,0,19.8375049019608
"2745",6,1,13.508641074856
"2746",6,1,15.7672179627601
"2747",3,0,4.32907336956522
"2748",6,0,25.937777027027
"2749",6,0,10.158779830639
"2750",6,0,3.4675738372093
"2751",6,0,12.9845383411581
"2752",6,0,25.5919435897436
"2753",6,1,13.8417980769231
"2754",9,0,21.2746682692308
"2755",6,0,8.21992788461539
"2756",3,0,14.3062252747253
"2757",6,0,10.8047608695652
"2758",3,1,29.6768810408922
"2760",6,0,13.3812788461538
"2761",6,0,26.7625576923077
"2762",6,0,22.5192083333333
"2763",6,0,13.9155094339623
"2764",6,0,19.0889198113208
"2765",6,0,14.7051891615542
"2766",6,0,16.003011820331
"2767",3,0,11.8795386643234
"2768",6,0,16.0045144230769
"2769",6,0,28.5032
"2770",6,1,28.0851394230769
"2771",6,0,13.945380733945
"2772",6,1,10.3777479892761
"2773",6,0,21.3008035714286
"2774",6,0,7.01066539923954
"2775",6,0,17.4035028841112
"2776",6,0,25.376625
"2777",6,1,14.3678048780488
"2778",6,0,7.21916784203103
"2779",6,0,21.8568774509804
"2780",6,0,16.1521870967742
"2781",6,0,12.6887067307692
"2782",6,0,14.7645828402367
"2783",6,0,7.79511057692308
"2784",6,0,14.6819210351692
"2785",6,0,50.6372596153846
"2786",6,0,8.78002261904762
"2787",9,0,8.997171875
"2788",6,0,13.3351621052632
"2789",6,0,55.982375
"2790",9,0,5.17357358490566
"2791",6,0,8.90592005513439
"2792",6,0,6.45533479212254
"2793",6,0,13.8417980769231
"2794",6,0,19.1945506493506
"2795",6,0,13.1240717948718
"2796",6,1,13.2792452830189
"2797",6,1,8.45913461538461
"2798",6,1,14.604097826087
"2799",6,0,15.5267747368421
"2800",6,0,10.7182788461538
"2801",6,0,13.4724739039666
"2802",6,1,17.5846619635509
"2803",6,0,19.0738448275862
"2804",6,0,15.9954545454545
"2805",6,0,9.76339762611276
"2806",6,0,10.1506490384615
"2807",6,0,18.8110745140389
"2808",6,1,22.1611153846154
"2809",6,0,13.5346201923077
"2810",6,1,10.6373365384615
"2811",6,0,5.36351348920863
"2812",6,0,12.1344876847291
"2813",6,0,10.9951651376147
"2814",6,1,9.62919230769231
"2816",6,0,6.30833582312519
"2817",6,0,9.70318872017354
"2818",6,0,8.28995192307692
"2819",6,0,15.354
"2820",6,0,7.27468772433597
"2821",6,0,11.022595766129
"2822",6,0,12.9389824561404
"2823",6,0,19.0330576923077
"2824",6,1,7.71176470588235
"2825",6,1,8.98768535262206
"2826",6,0,11.2004272300469
"2827",6,0,9.3004741873805
"2828",6,0,16.8515847234416
"2829",6,0,11.6926634615385
"2830",9,0,7.28024456521739
"2831",6,0,10.4914285714286
"2832",6,1,9.07934090909091
"2833",6,0,21.4621818181818
"2834",6,0,10.8574732142857
"2835",6,0,3.16710074441687
"2836",6,0,6.1817037037037
"2837",6,0,5.63942435897436
"2838",6,0,10.1211136363636
"2839",6,0,10.7629657320872
"2840",6,0,51.8123636363636
"2841",6,0,8.82692307692308
"2843",6,1,38.3801971153846
"2844",6,1,22.3615714285714
"2845",6,0,20.3288875379939
"2846",6,0,9.45755842062852
"2847",6,1,13.0236898593634
"2848",6,0,14.2005396825397
"2849",6,0,18.841799270073
"2850",6,0,16.023821875
"2851",6,0,7.78848706896552
"2852",3,0,22.142688221709
"2853",3,1,15.5028115384615
"2854",6,0,8.12051923076923
"2855",9,0,18.1603076923077
"2856",6,0,23.6233317307692
"2857",6,0,18.3615394190871
"2858",9,0,10.8047597826087
"2859",6,0,15.2741213017751
"2860",6,0,2.94420589970501
"2861",3,1,10.6373365384615
"2862",6,0,33.5431261261261
"2863",6,1,20.0867034883721
"2864",3,1,19.4560144230769
"2865",6,0,33.0934224137931
"2866",9,1,8.30507692307692
"2867",6,1,36.5282075471698
"2868",6,0,20.4621634615385
"2869",6,0,17.4591201923077
"2870",6,1,16.9182740384615
"2871",6,0,6.69063942307692
"2872",3,0,12.4254711538462
"2873",6,0,32.0194903846154
"2874",9,1,16.6363012820513
"2875",9,0,8.28903399122807
"2876",9,1,12.903375
"2877",9,0,18.7980811965812
"2878",6,1,27.8939183673469
"2879",9,1,22.808176416819
"2880",9,0,8.76922809053976
"2882",6,0,10.3511829573935
"2883",6,0,11.8427932692308
"2884",9,0,14.8598387096774
"2885",9,0,6.70137921348315
"2886",9,1,11.3593677042802
"2887",9,0,21.9835288461538
"2888",9,1,7.68252083333333
"2889",9,0,3.54577948717949
"2891",9,0,10.4752677824268
"2892",9,0,10.7155948030857
"2893",9,0,8.86444711538462
"2894",6,1,17.2856666666667
"2895",9,0,10.4690593220339
"2896",9,1,10.5748723404255
"2897",9,0,9.9691620498615
"2898",6,0,27.4135131894484
"2899",9,1,18.4787716894977
"2900",9,1,4.7192619047619
"2901",9,1,13.8417980769231
"2902",9,1,8.47789752650177
"2903",9,0,5.66624011976048
"2904",6,1,18.1125042016807
"2905",9,0,11.4425528846154
"2906",9,1,16.1156839622641
"2907",9,0,9.4090944741533
"2908",9,0,8.65397647058824
"2909",6,0,7.73950100806452
"2910",6,1,6.22241228070175
"2911",9,1,14.6204757709251
"2912",9,0,23.5426126760563
"2913",9,1,13.3812788461538
"2914",6,0,14.2022466367713
"2915",9,0,8.60819658119658
"2916",9,0,16.6046952595937
"2917",6,1,8.50987019230769
"2918",9,0,2.52721483050847
"2919",9,0,11.0039585389931
"2920",6,1,34.1157307692308
"2921",9,1,10.4562398703404
"2922",9,1,9.61235977564103
"2923",6,0,12.6670528846154
"2924",9,1,12.7648028846154
"2925",6,0,12.6882011686144
"2926",9,0,11.996225
"2927",6,1,18.0770590753425
"2928",9,0,16.4050897435897
"2929",6,0,17.3492656765677
"2930",9,1,18.6101009615385
"2931",9,0,25.1200169014085
"2932",6,1,18.0456025641026
"2933",6,0,23.5522490875912
"2934",6,0,22.155196929239
"2935",9,0,15.3601276426007
"2936",9,0,13.8579743589744
"2937",9,0,26.5933365384615
"2938",9,0,3.5585393258427
"2939",6,1,12.146795148248
"2940",6,1,25.2265588752197
"2941",9,0,15.9954545454545
"2942",9,0,10.8081904761905
"2943",6,1,13.1387505938242
"2944",6,0,8.99049746514575
"2945",9,0,8.83412240932643
"2946",9,1,11.0490396975425
"2947",9,0,6.74487861656136
"2948",6,1,38.3801971153846
"2949",9,0,3.47087848101266
"2950",9,0,4.46857142857143
"2951",9,0,11.2905614973262
"2952",9,0,20.5889858605558
"2953",9,0,13.3812769230769
"2954",9,0,3.10636822916667
"2955",6,1,23.0696586538462
"2956",9,0,11.1307734553776
"2957",9,0,12.3404251968504
"2958",9,0,10.5076423357664
"2959",9,1,36.5106826923077
"2960",9,1,30.8013781902552
"2961",9,0,6.28640553359684
"2962",6,0,23.4907788461538
"2963",9,0,6.82015866209262
"2964",9,1,9.66758241758242
"2965",6,0,14.7645817307692
"2966",9,1,6.27144557823129
"2967",6,1,14.7997725752508
"2968",3,0,16.9598862559242
"2969",3,0,5.18465581395349
"2970",9,0,6.51666666666667
"2971",3,0,26.2019449458484
"2972",6,1,25.2253846153846
"2973",9,0,21.536252688172
"2974",6,1,13.3812788461538
"2975",6,0,23.9924471153846
"2976",3,1,41.2133846153846
"2977",9,0,4.558565
"2978",3,0,30.6569930875576
"2979",9,0,6.33352884615385
"2980",6,0,4.92152756410256
"2981",6,0,20.732260707635
"2982",6,1,8.82988499137435
"2983",9,0,29.1629834254144
"2984",6,1,23.6191846153846
"2985",9,0,17.7245265486726
"2986",6,0,13.0671643192488
"2987",3,1,19.5226352941176
"2988",6,1,10.3053983050847
"2989",6,0,22.3028403755869
"2990",3,0,26.9168567518248
"2991",3,1,17.9287538461538
"2992",6,1,15.8606845878136
"2993",6,1,33.6736103416436
"2994",6,1,10.8413636363636
"2995",9,0,19.4177604790419
"2996",6,0,22.12566
"2997",3,1,12.7902153846154
"2998",6,1,4.84158599695586
"2999",3,0,14.8693924731183
"3000",9,0,10.0030864197531
"3001",3,0,70.0996739130435
"3002",9,0,16.0223544520548
"3003",9,0,11.0548818181818
"3004",6,1,12.4254711538462
"3005",9,1,10.5138605769231
"3006",9,1,23.0696586538462
"3007",9,1,5.59047249190939
"3008",6,0,9.22786538461538
"3009",3,0,7.64644711538462
"3010",9,0,15.2264471153846
"3011",6,0,7.86270682302772
"3012",9,0,12.5381198265668
"3013",9,0,27.8034047619048
"3014",3,0,10.6110197368421
"3015",6,1,27.0692355769231
"3016",9,1,27.666963963964
"3017",9,0,14.1831118881119
"3018",6,1,15.3650392156863
"3019",3,0,12.1718928571429
"3020",6,0,15.1131557377049
"3021",6,0,16.8880846023689
"3022",6,0,17.2561057692308
"3023",6,1,19.3785144230769
"3024",3,0,11.3326764386536
"3025",6,0,7.69709677419355
"3026",6,0,7.15204873646209
"3027",6,1,17.9382803738318
"3028",6,0,15.6763535911602
"3029",3,1,12.694417989418
"3030",6,1,20.4066927083333
"3031",6,0,9.42494814814815
"3032",9,0,8.39735625
"3033",6,0,12.8389230769231
"3034",6,0,14.6158317307692
"3035",6,1,26.7608076923077
"3036",6,0,15.1273667130274
"3037",6,1,18.2799607843137
"3038",6,0,15.086822079314
"3040",6,1,14.3805336538462
"3041",6,0,12.0997134670487
"3042",6,0,19.8961768292683
"3044",6,0,47.9863636363636
"3045",6,0,7.19026442307692
"3046",6,0,13.5346201923077
"3047",6,0,20.0719182692308
"3048",6,0,38.3801971153846
"3049",6,0,10.9344182692308
"3050",6,1,12.4254711538462
"3051",6,1,12.5713954545455
"3052",6,0,3.89120288461538
"3053",6,0,7.92608275120903
"3054",6,0,11.4696682692308
"3055",6,0,8.81954887218045
"3056",6,0,23.85691
"3057",6,0,7.38522123893805
"3058",6,0,3.72235127860027
"3059",6,0,16.0276989795918
"3060",6,0,38.3801971153846
"3061",6,1,10.8590359015732
"3062",6,1,3.2480131826742
"3063",6,0,8.38256312529776
"3064",6,0,17.0641194581281
"3065",6,0,16.9182740384615
"3066",6,0,8.792625
"3067",6,0,14.1831153846154
"3068",6,0,11.5592870722433
"3069",6,0,11.73
"3070",9,1,10.3870219435737
"3071",9,0,6.68777403846154
"3072",6,1,12.7619414893617
"3073",6,0,6.14146632124352
"3074",6,0,16.7900539215686
"3075",9,1,24.1433459119497
"3076",6,0,9.35047619047619
"3077",6,0,14.4870357142857
"3078",9,0,9.62919230769231
"3079",6,0,7.156875
"3080",6,0,16.3253541666667
"3081",6,1,28.4706427688504
"3082",9,0,7.57728082191781
"3083",6,0,8.106915
"3084",9,0,18.3770725388601
"3085",9,1,27.5427230769231
"3086",9,1,15.9046066666667
"3087",6,0,9.1640625
"3088",6,0,11.5237788461538
"3089",6,0,14.6182058823529
"3090",6,0,16.9679627906977
"3091",6,1,15.2264471153846
"3092",9,0,29.0483537735849
"3093",6,0,6.83992096774194
"3094",9,0,16.2138293333333
"3095",6,1,11.6926634615385
"3096",6,1,18.6872072072072
"3097",6,0,13.0457900943396
"3098",6,0,54.8015384615385
"3099",6,0,12.3451875
"3100",6,0,16.8424471153846
"3101",3,0,8.8893424513414
"3102",6,1,18.7052608695652
"3103",9,0,7.58405172413793
"3104",6,0,18.6153365384615
"3105",6,0,14.7704424778761
"3106",6,0,12.7746810870771
"3107",6,0,17.7368985215054
"3108",6,0,20.0413550724638
"3109",9,0,6.03677736202058
"3110",6,1,22.1746923076923
"3111",6,0,8.45913461538461
"3112",6,0,31.66763125
"3113",6,0,15.7583671528218
"3114",6,0,15.2264471153846
"3115",6,0,12.0173510242086
"3116",6,0,7.7853982300885
"3117",6,0,7.27645121951219
"3118",6,0,11.4852445193929
"3119",6,1,19.7379179104478
"3120",6,0,6.8818
"3121",6,0,15.5902179487179
"3122",6,1,16.9034978165939
"3123",6,0,16.0723605769231
"3124",6,0,9.6943697060289
"3125",9,0,11.3078279386712
"3126",6,1,16.3895303605313
"3127",6,0,13.6645833333333
"3128",6,0,8.16132214765101
"3129",6,1,13.8417980769231
"3130",6,1,20.741016291699
"3131",9,0,7.61322115384615
"3132",3,1,10.0542857142857
"3133",6,0,15.956
"3134",6,0,27.9715522074282
"3135",6,0,6.72206399235912
"3136",3,0,10.396725
"3137",6,0,21.4365528846154
"3138",6,1,29.6299759615385
"3139",6,1,15.4628111111111
"3140",6,0,7.12633648581384
"3141",3,1,10.4321139489194
"3142",3,0,9.40716604823748
"3143",3,0,12.4869526066351
"3144",6,1,4.36429503916449
"3145",6,0,9.43965163934426
"3146",6,0,17.8209552358114
"3147",6,1,14.0428613138686
"3148",6,0,9.32784991568297
"3149",6,0,6.49535046728972
"3150",6,1,21.4365528846154
"3151",6,1,26.3084951923077
"3152",6,1,20.0012788461538
"3153",6,0,10.7966
"3154",6,0,12.7306836734694
"3155",6,0,17.9943359375
"3156",6,1,19.5017788461538
"3157",6,0,24.3857709447415
"3158",6,0,19.1521698113208
"3159",3,0,11.2049057515708
"3160",9,0,12.4254711538462
"3161",6,1,27.0069148119724
"3162",6,1,8.45913461538461
"3163",6,0,20.039867881549
"3164",6,0,5.5916313559322
"3165",6,1,9.12023758099352
"3166",6,0,16.3947222222222
"3167",6,0,19.3785144230769
"3168",6,0,28.9060785714286
"3169",6,0,6.57991962174941
"3170",6,0,18.0064758144126
"3171",3,0,6.41369831223629
"3172",6,0,14.5202505910165
"3173",3,0,19.4877740384615
"3174",6,0,11.6751581508516
"3175",6,0,8.36945930232558
"3176",3,1,5.5959058725531
"3177",6,0,7.79637745098039
"3178",6,0,11.9064711538462
"3179",9,1,2.54099839537869
"3180",6,1,13.2286406844106
"3181",9,0,10.3500028011204
"3182",6,1,13.8285375
"3183",6,0,16.0511774023231
"3184",6,0,8.9629375
"3185",6,0,24.8204519230769
"3186",6,1,8.8669375
"3187",6,0,8.27236054421769
"3188",6,0,7.60023076923077
"3189",6,0,6.93789786223278
"3190",6,0,14.4551735428946
"3191",6,1,7.39798148148148
"3192",6,0,16.0486538461538
"3193",9,0,12.9190096153846
"3194",6,1,20.0246115288221
"3195",6,0,6.35167731629393
"3196",6,1,8.22793103448276
"3197",6,0,15.6873701923077
"3198",6,1,11.73
"3199",3,0,14.8922692307692
"3201",6,0,16.9182740384615
"3202",6,0,8.24831395348837
"3203",6,1,18.5077184139785
"3204",6,0,20.3019278846154
"3205",6,0,18.7807788649706
"3206",6,0,36.6341196581197
"3207",6,0,17.849031945789
"3208",3,0,9.86148809523809
"3209",6,0,7.31668492063492
"3210",6,0,12.4254711538462
"3211",3,0,10.168551609323
"3212",6,1,19.6135023041475
"3213",3,1,5.29860260770975
"3214",6,0,16.0876683673469
"3215",6,0,16.7600987091875
"3216",6,0,21.0277259615385
"3217",6,0,16.9921025641026
"3218",6,0,21.0502117647059
"3219",6,0,8.60225
"3220",6,1,9.77045726495727
"3221",6,1,9.42854545454546
"3222",6,0,9.57820779220779
"3223",6,1,16.5646105769231
"3224",6,0,16.858393442623
"3225",6,0,13.279249475891
"3226",6,0,9.69803543307087
"3227",6,1,16.5646105769231
"3228",6,0,13.0651204819277
"3229",6,0,14.7645817307692
"3230",6,0,36.1036680161943
"3231",6,1,12.4085408163265
"3232",3,0,5.16631711409396
"3233",6,1,20.9164914529915
"3234",6,1,17.2992746781116
"3235",3,0,13.1948480902778
"3236",6,0,16.9458946488294
"3237",6,0,11.5072827004219
"3238",6,0,19.1161115384615
"3239",6,0,28.8094471153846
"3240",6,0,15.3551670588235
"3241",6,0,18.1603076923077
"3242",6,0,5.71755546425637
"3243",6,0,19.6595795148248
"3244",6,0,13.8285352564103
"3245",6,0,9.42178365384615
"3246",6,0,7.50217452830189
"3247",6,0,12.8517983271375
"3248",6,0,29.821125
"3249",9,1,20.3543902439024
"3250",9,1,15.3797716346154
"3251",6,0,16.1953196347032
"3252",6,0,9.69391919191919
"3253",6,0,10.4163788850518
"3254",6,0,9.39988652482269
"3255",6,0,11.8144615384615
"3256",6,0,9.55805769230769
"3257",6,0,26.1457740384615
"3258",6,0,9.29209239130435
"3259",9,0,16.3254379562044
"3260",6,0,18.342348615917
"3261",6,0,13.6967065868263
"3262",6,0,8.27236224489796
"3263",6,1,11.7056174636175
"3264",6,0,8.51173392461197
"3265",6,1,23.7314381139489
"3266",6,1,32.5840040816326
"3267",6,1,12.1039624556063
"3268",9,0,5.94775806451613
"3269",6,0,17.9874581784387
"3270",6,0,18.2727573529412
"3271",3,0,10.6618588709677
"3272",6,0,9.75088942307692
"3273",6,1,23.0475576923077
"3274",6,0,13.0945384615385
"3275",6,1,15.5250049019608
"3276",6,1,22.1109160559627
"3277",6,0,17.3238484589041
"3278",6,1,13.9326968325792
"3279",6,0,17.1783043478261
"3280",9,0,9.98010227272727
"3281",6,0,19.1266026970954
"3282",3,0,21.2746682692308
"3283",9,1,10.3751105651106
"3284",6,0,38.3768922018349
"3285",6,1,5.09807834101383
"3286",6,1,13.6376094674556
"3287",6,0,13.8591826923077
"3288",9,0,12.5215959252971
"3289",6,0,7.87950683760684
"3290",6,0,11.4822854785479
"3291",6,0,3.77035773809524
"3292",6,0,9.04522148916117
"3293",6,0,5.964225
"3294",6,0,7.498895
"3295",3,0,42.3095169082126
"3296",6,0,10.7283282520325
"3297",6,0,12.4254711538462
"3298",6,0,5.87148557692308
"3299",6,1,8.30507692307692
"3300",6,0,13.2538416666667
"3301",6,0,7.38229326923077
"3302",6,0,9.93488095238095
"3303",6,0,7.37522
"3304",6,0,17.0953760162602
"3305",6,0,4.61393221153846
"3306",3,1,20.6073509615385
"3307",6,0,15.2928894230769
"3308",3,0,16.1244423076923
"3309",6,0,13.6413509615385
"3310",6,1,13.403238583411
"3311",6,0,8.92742441860465
"3312",3,1,31.6383956043956
"3313",9,0,14.1186346153846
"3314",9,0,11.8225833333333
"3315",6,0,9.03825660699062
"3316",6,0,6.38669230769231
"3317",6,1,16.6101586538462
"3318",6,0,8.34519891304348
"3319",3,0,22.7308575197889
"3320",3,1,10.2606147540984
"3321",6,0,7.33759183673469
"3322",6,1,7.79511057692308
"3323",6,1,8.78248888888889
"3324",3,0,6.00512250712251
"3325",6,1,10.6373365384615
"3326",6,0,12.4593954918033
"3327",6,0,11.9962211538462
"3328",9,0,11.6926634615385
"3329",6,0,10.1506490384615
"3330",6,0,7.17136813186813
"3331",6,0,9.53754411764706
"3332",6,0,9.36290853658537
"3333",3,0,13.1962548076923
"3334",3,1,22.9101614583333
"3335",6,0,9.55805769230769
"3336",6,0,8.93978571428571
"3337",6,0,12.8330550458716
"3338",3,0,12.4280518867925
"3339",9,0,11.1831949685535
"3340",3,0,9.22786538461538
"3341",6,0,9.94038
"3342",6,0,8.81444230769231
"3343",6,0,11.4876558603491
"3344",6,0,12.3038205128205
"3345",6,0,7.09155769230769
"3346",6,0,24.1205434782609
"3347",6,1,18.1075047169811
"3348",6,0,9.94038125
"3349",6,0,8.0587786259542
"3350",9,0,8.34245862068965
"3351",3,0,5.11839
"3352",3,0,19.6601661129568
"3353",6,0,7.97924704724409
"3354",6,0,10.3154858490566
"3355",9,0,7.41819402985075
"3356",9,0,8.24653928955867
"3357",6,0,8.19375
"3358",3,0,10.9324090909091
"3359",6,0,10.7182788461538
"3360",6,0,10.2310817307692
"3361",6,0,9.88713848508034
"3362",6,0,8.86444711538462
"3363",6,0,9.55805506993007
"3364",6,0,27.702618556701
"3365",9,1,10.1561592388583
"3366",6,1,9.93494281045752
"3367",6,0,14.6158333333333
"3368",6,0,9.39582636954503
"3369",9,0,7.95230266666667
"3370",6,1,10.2187346938776
"3371",6,1,7.40535576923077
"3372",6,0,4.57810096618357
"3373",6,1,13.5196917808219
"3374",6,0,11.1819494252874
"3375",6,0,11.0248141432457
"3376",6,1,7.1977375
"3377",6,0,9.70636910732197
"3378",6,1,9.30766826923077
"3379",6,0,7.60630288461538
"3380",9,0,5.73483173076923
"3381",3,0,13.3822410358566
"3382",3,0,6.68100336053769
"3383",3,0,25.8888686131387
"3384",6,0,5.464471886121
"3385",6,0,10.7510495626822
"3386",6,0,14.098563034188
"3387",6,0,10.5368028846154
"3388",3,1,17.3165921288014
"3389",6,1,7.28443229166667
"3390",9,0,6.58501666666667
"3391",6,0,7.14061011904762
"3392",6,1,12.0364855769231
"3393",6,0,14.6892551020408
"3394",6,0,28.3742
"3395",6,0,14.4515658816041
"3396",6,0,10.7050230769231
"3397",6,0,7.38229326923077
"3398",6,0,5.39156179775281
"3399",6,0,10.5138605769231
"3400",6,0,5.85334920634921
"3401",6,0,4.91295833333333
"3402",6,0,7.50279326923077
"3403",6,0,14.6928177083333
"3404",6,0,6.89510447761194
"3405",6,0,12.7500036231884
"3406",6,1,13.9575769230769
"3407",3,1,8.33741509433962
"3408",6,0,13.8644402985075
"3409",6,0,15.592752228164
"3410",6,0,28.6741682692308
"3411",6,0,15.6504131274131
"3412",3,1,21.5169979550102
"3413",3,0,10.996875
"3414",3,0,6.566615
"3415",6,0,16.0774134615385
"3416",6,0,4.90473988095238
"3417",3,0,13.828535
"3418",6,0,31.0255576923077
"3419",3,1,10.6120432692308
"3420",3,1,25.7573011928429
"3421",3,0,15.021362599772
"3422",6,0,9.45302705223881
"3423",6,0,5.55715887096774
"3424",6,0,8.44470138888889
"3426",6,1,12.1106243854474
"3427",6,1,18.3196073717949
"3428",6,0,9.18859574468085
"3429",6,0,10.6821970149254
"3430",6,0,14.2201023706897
"3431",6,1,11.9962256944444
"3432",6,1,32.7600820045558
"3433",6,0,8.1658874086807
"3434",6,0,20.5704273504273
"3435",6,0,8.56068544600939
"3436",9,1,20.6541586538462
"3438",9,0,6.92035496558505
"3439",6,0,6.7060875
"3440",3,0,8.28529444444444
"3441",6,1,12.836237350506
"3442",6,0,10.6373365384615
"3443",6,1,11.2340576923077
"3444",6,0,4.90356569343066
"3445",3,1,15.7558653846154
"3446",3,0,26.2483316168898
"3447",9,0,8.46061538461539
"3448",6,0,30.3623899913719
"3449",6,1,15.479
"3451",6,0,9.93721208665906
"3452",6,0,11.6108606213266
"3453",9,0,8.90886075949367
"3454",6,1,19.4560144230769
"3455",6,0,28.2091824324324
"3456",6,1,7.24778846153846
"3457",6,0,5.64430102040816
"3458",6,0,12.0824034334764
"3459",6,0,23.00456022187
"3460",6,0,21.4100461538462
"3461",6,0,8.60715807174888
"3462",6,1,12.3956947162427
"3463",6,1,11.2644071702945
"3464",9,1,14.3048821138211
"3465",6,0,7.61322115384615
"3467",6,0,4.24645132743363
"3468",6,0,13.5550625
"3469",6,0,20.8127289156626
"3470",9,0,11.9032325581395
"3471",9,1,6.44687062937063
"3472",9,1,9.30504807692308
"3473",6,0,37.7806809815951
"3474",6,0,17.5820307570978
"3475",9,1,4.82789634146341
"3476",9,1,5.761890625
"3477",6,0,8.69104371584699
"3478",9,1,12.5467743288591
"3479",9,0,9.84336013986014
"3480",6,0,10.501718487395
"3481",3,0,14.7614760914761
"3482",6,0,17.9772819148936
"3483",6,0,9.3191046875
"3484",3,0,11.2962831858407
"3485",6,0,10.2012019623876
"3486",9,0,3.89198156682028
"3487",9,1,17.8118435561682
"3488",9,0,6.27253676470588
"3489",9,0,9.775
"3490",6,0,30.5075549872123
"3491",6,0,6.53968199886428
"3492",6,0,11.0734375
"3493",3,0,2.96282781065089
"3494",9,1,13.5346196581197
"3495",6,0,31.9899316239316
"3496",6,1,11.6926634615385
"3497",6,0,10.714502829426
"3498",6,0,7.90918536585366
"3499",6,0,9.08203773584906
"3500",6,0,10.1699089906233
"3501",6,0,9.13689344262295
"3502",9,1,20.7058288770053
"3503",9,1,7.28223495702006
"3504",3,0,11.516375
"3505",9,1,17.8876567164179
"3506",6,1,11.8427932692308
"3507",6,1,17.5287260273973
"3508",9,0,21.7231193058568
"3509",9,0,25.8175670945158
"3510",9,0,16.8055143229167
"3511",9,1,11.875361328125
"3512",6,0,18.6672368421053
"3513",9,0,8.99716770833333
"3514",6,0,9.74388942307692
"3515",9,0,9.1640625
"3516",6,1,7.54071428571429
"3517",6,0,12.92249
"3518",9,1,14.9887765726681
"3519",6,1,18.4557259615385
"3520",6,0,12.1040722222222
"3521",6,0,26.61027
"3522",6,0,8.86444711538462
"3523",9,0,11.6926653846154
"3524",6,0,20.2864897959184
"3525",6,0,15.6549433962264
"3526",6,1,18.1739825119237
"3527",6,0,14.6625033333333
"3528",3,0,9.85635675675676
"3529",6,1,15.3971155184412
"3530",9,0,12.6887067307692
"3532",6,1,11.8427932692308
"3533",6,0,13.5921506410256
"3534",9,0,19.2295127504554
"3535",6,0,11.6926634615385
"3536",6,0,19.9635625
"3537",9,1,15.6873701923077
"3538",6,0,9.46702645502645
"3539",9,1,10.1136962025316
"3540",6,0,14.7798024691358
"3541",9,0,10.4085725806452
"3542",6,1,15.8648043052838
"3543",6,0,20.7997577996716
"3544",6,0,15.6986386607707
"3545",6,0,13.8792548076923
"3546",6,0,6.05471576049553
"3547",6,0,9.82115418502203
"3548",6,0,11.1272901119403
"3549",6,0,9.22786442307692
"3550",9,0,11.0962388193202
"3551",6,0,6.21273557692308
"3552",6,0,30.7101138211382
"3553",9,0,5.52457165109034
"3554",6,0,7.79637254901961
"3555",6,0,13.6281217391304
"3556",6,1,10.5138605769231
"3557",9,0,8.79910998552822
"3558",6,1,15.6850147928994
"3559",9,0,10.0978324915825
"3560",6,0,16.6102562373567
"3561",9,0,10.2436678082192
"3562",9,1,8.45913461538461
"3563",6,0,12.8199100204499
"3564",6,1,9.29007398753894
"3565",6,0,9.22786538461538
"3566",9,0,17.4801524032825
"3567",6,0,11.202253820034
"3568",6,1,14.8034903846154
"3569",9,0,7.97924803149606
"3570",6,0,13.9309688888889
"3571",6,0,18.8517928571429
"3572",6,1,20.8471611374408
"3573",6,0,10.3873348404923
"3574",6,1,11.5155018939394
"3575",6,0,18.9357443946188
"3576",9,0,13.0512362637363
"3577",9,0,8.22745490981964
"3578",6,1,48.4022080679405
"3579",6,0,31.6572547770701
"3580",9,0,33.9332214285714
"3581",6,0,8.01943165467626
"3582",6,0,9.21244468236974
"3583",6,0,12.8820440402106
"3584",6,0,12.2016470588235
"3585",6,0,17.0518028846154
"3586",6,0,6.74562804878049
"3587",9,1,11.5237788461538
"3588",6,0,18.1885897435897
"3589",6,0,26.2233221153846
"3590",6,1,20.2672875
"3591",6,0,11.6145196850394
"3592",9,0,9.02307692307692
"3593",6,0,18.9249519230769
"3594",9,1,16.8894047619048
"3595",9,1,18.8493029739777
"3596",6,0,21.8524987654321
"3597",6,0,22.5301890243902
"3598",6,0,8.02432692307692
"3599",6,0,16.0395194986072
"3600",6,0,23.0310085227273
"3601",9,0,12.0102444444444
"3602",6,0,6.13260456273764
"3603",6,0,11.4160624493106
"3604",3,0,16.6331517241379
"3605",9,0,6.08803301886792
"3606",9,0,8.74388744588745
"3607",6,0,18.5731227106227
"3608",3,0,9.818
"3609",6,0,8.42153846153846
"3610",9,0,7.11340742907283
"3611",6,0,8.18372093023256
"3612",6,0,17.9908009543286
"3613",6,0,15.3182548076923
"3614",9,1,16.7006153846154
"3615",9,0,9.94577971646674
"3616",9,0,8.3419119734974
"3617",6,0,9.01887232059646
"3618",9,1,5.60853231939164
"3619",6,0,25.9059570552147
"3620",6,0,8.97757142857143
"3621",6,1,17.5329423076923
"3622",9,0,9.04712953876349
"3623",6,1,11.0734384615385
"3624",6,0,15.0695576923077
"3625",9,0,6.72077922077922
"3626",9,0,15.6239754098361
"3627",6,1,13.5346201923077
"3628",9,0,10.0028993710692
"3629",9,0,9.60423188405797
"3630",6,1,27.399275862069
"3631",9,0,18.3914198606272
"3632",6,0,7.61322115384615
"3633",6,0,32.1815923207228
"3634",6,0,20.9523257575758
"3635",6,0,16.2071376811594
"3636",9,0,8.98372340425532
"3637",6,0,11.6781017699115
"3638",6,0,10.1336434782609
"3639",9,0,5.81185781990521
"3640",3,0,8.89783414634146
"3641",6,1,16.3196933333333
"3642",6,0,13.2966682692308
"3643",6,0,15.1346623376623
"3644",6,1,20.8010469314079
"3645",6,0,9.75242494226328
"3646",6,0,10.3938411552347
"3647",6,0,21.2240865384615
"3648",6,0,12.4895612244898
"3649",6,1,4.2184521978022
"3650",6,0,11.9962243589744
"3651",6,0,15.0695576923077
"3652",6,1,13.7597388059701
"3653",6,0,6.43998069498069
"3654",3,0,3.84578510436433
"3655",9,0,5.60001518602885
"3656",9,0,6.21273557692308
"3657",6,0,10.9435321100917
"3658",6,1,15.6254644067797
"3659",6,0,11.61146875
"3660",6,0,5.42295470588235
"3661",6,0,9.85215277777778
"3662",6,0,31.0657326793378
"3663",6,0,5.99811057692308
"3664",9,1,7.5592252851711
"3665",6,0,19.3676995798319
"3666",6,0,6.70608823529412
"3667",6,0,7.48029355400697
"3668",6,0,16.0501767388826
"3669",6,0,13.8417980769231
"3670",9,0,12.4082141414141
"3671",6,0,13.0167117346939
"3672",6,0,17.4490511363636
"3673",6,0,8.11459693877551
"3674",6,0,10.8894169381108
"3675",6,0,9.127671875
"3676",6,0,10.7945336956522
"3677",6,0,4.02268562874252
"3678",6,1,8.93335771276596
"3679",6,0,12.4102259615385
"3680",9,1,14.2756394230769
"3681",6,1,14.5184715127701
"3682",9,0,18.1603076923077
"3683",6,0,13.5921506410256
"3684",6,0,15.5266987673344
"3685",9,0,13.3812788461538
"3686",9,0,11.7439071729958
"3687",6,0,8.82555245313123
"3688",6,0,16.1359274924471
"3689",6,0,6.61013861386139
"3690",6,1,29.1399921135647
"3691",9,0,16.9182740384615
"3692",6,0,15.5902211538462
"3693",9,0,7.001875
"3694",6,0,7.14099535243997
"3695",6,0,3.53750142348754
"3696",6,0,3.08994029101857
"3697",6,0,24.5642067307692
"3698",6,0,7.43134
"3699",6,1,15.103008583691
"3700",9,0,7.677584
"3701",9,0,7.20317481884058
"3702",9,0,6.50462199630314
"3703",6,1,9.10889245585875
"3704",6,0,12.8265480274443
"3705",6,1,14.1445762711864
"3706",6,0,22.1611153846154
"3707",9,0,7.78133038585209
"3708",6,0,17.0133413461538
"3709",3,0,9.16422281167109
"3710",6,0,7.08625055728934
"3711",6,1,16.9182740384615
"3712",6,1,13.2189807162534
"3713",6,0,16.5672990196078
"3714",9,0,5.84940292553192
"3715",9,0,21.897919239905
"3716",9,0,17.9479074074074
"3717",6,1,14.9295910931174
"3718",6,0,21.6570408163265
"3719",9,0,11.3798181818182
"3720",6,0,5.7625556768559
"3721",9,0,15.9341111111111
"3722",6,0,16.4866726943942
"3723",6,0,7.72087142857143
"3724",9,0,15.2078129346314
"3725",9,0,21.1478413461538
"3726",6,0,8.79957635156497
"3727",6,0,8.71711111111111
"3728",9,1,7.19026442307692
"3729",6,1,15.1903012048193
"3730",6,1,19.35995
"3731",6,0,12.1829197080292
"3732",6,1,9.46551506849315
"3733",6,0,7.03255617977528
"3734",6,0,8.51271336280177
"3735",6,0,13.7304627659574
"3736",6,0,13.3840566037736
"3737",6,0,17.9449947916667
"3738",6,1,10.1980342920354
"3739",9,0,10.3072019297037
